seller_id	tiktok_handle	tiktok_followers	tiktok_videos	shop_created	alltime_gmv_gbp	alltime_units	total_products	alltime_creators	alltime_videos	alltime_lives	price_min	price_max	avg_price	delivery_rate_pct	positive_feedback_pct	response_rate_pct	category_rank_sep	uk_rank_sep
7495320015950547394	sculptedbyaimeestore	18674	289	2023-12-15	831268.17	41459	146	4277	9003	1818	4.8	83	22.52	62	94	84	294	1709
7495918070877490097	sisuocor	2324	232	2024-10-23	480990.87	51236	117	864	2436	927	0.77	55	10.2	69	88	98	34	2065
7495123108008462645	my_expertmidwife	96364	618	2023-12-19	69954.25	3550	83	625	1266	69	2.4	253.5	19.8	73	97	100	28	1935
7494557294615235116	houseofamoruk	149555	5076	2022-06-26	806078.78	62362	556	1530	3071	654	2.99	169.99	14.44	76	92	96	312	1876
7494801336240933390	wiggyscollectables	34625	291	2023-07-20	2625518.8	187799	550	1	93	523	1	1369.99	25.41	92	100	100	41	1658
7495809559631857717	rosexpress_delivery_serv	30647	1867	2025-08-19	148156.41	6533	2	140	327	100	11.99	29	21.36	83	92	86	16	1685
7496103548228831479	blinghairfactorystore_	3245	1158	2025-03-09	1478602.83	82792	328	687	3847	949	1	586.8	19.17	65	84	100	64	1758
7494978223821981823	pakwatandriedfruits	71198	711	2023-05-29	553917.88	123469	162	708	2801	1401	1	129.99	6.2	87	90	98	95	2398
7494892887998564464	mellowpatchesuk	50392	1329	2023-08-02	1629734.86	137762	164	1934	3823	3675	1.99	186.66	15.52	76	92	98	98	1991
7496240027764230647	jghjgmxq	48	151	2025-07-10	72018.85	4656	34	242	1052	46	6.22	58.99	8.1	85	87	100	49	1852
7496126355154832285	violetpap12	2807	122	2025-04-07	1773689.27	136451	1448	2877	7379	2318	1.99	883	13.46	86	81	98	202	1117
7494259526260196416	8.eight84	21376	216	2025-11-29	70412.25	4214	175	167	1000	21	0.98	146.98	17.72				40	2831
7495021745533847811	morphcostumes	15464	1021	2023-09-06	132257.11	4739	777	1094	1967	273	11.68	115.34	33	61	88	100	17	1830
7495992110507395229	bt.international1	11061	59	2025-02-07	442208.88	14273	377	819	2456	2326	1	104.09	32.47	62	89	95	40	1886
7494808370965285337	silverbirchclothing	4855	253	2023-05-26	603687.93	27950	568	1555	2872	803	2.99	92.25	25.72	76	91	84	239	1331
7495084660126419682	bluestonesmodestfashion1	14514	1094	2023-06-26	247248.69	8733	470	17	859	820	8	78	39.02	60	89	96	46	3496
7495182733713705045	manorfarmdogtreats	25116	1077	2023-08-22	619150.68	120220	559	198	1274	1131	0.15	119	11.08	80	99	100	23	1757
7494795508242548444		0	0	2026-08-03	11520.43	804	37	35	74	8	6.6	89.9					160	3694
7495198804733561750	puresport	34967	1080	2023-10-08	677940.25	26586	142	711	7418	30	6	250	61.99	89	94	96	65	1119
7495942914294909295	grace_bedding	1640	420	2025-03-07	143741.5	13475	79	393	1685	686	6.29	67.77	12.43	81	92	100	70	2280
7494742499224356179		0	0	2026-07-16	192801.28	14451	10	1508	2620	249	6.99	29.99					46	781
7494730332085848630	funkyfidgetsshop	564436	1196	2022-12-20	1027408.86	192805	328	966	5704	1348	0.45	114.8	6.83	70	93	95	56	1530
7495565965938428785	misthousefashion	41890	3367	2024-10-21	868902.75	38019	103	567	1998	1325	1.12	119	21.05	73	88	98	313	1736
7494129241962152989	zmgh49shop	1965	295	2025-10-10	1361989.48	104192	240	1703	4716	846	1.14	50	8.88	81	74	100	20	1321
7495599747723463227	ladidatoystore	1552	355	2024-02-25	261110.58	7540	99	878	1524	370	2.63	114.65	36.57	76	87	100	36	2152
7494644199581058663		0	0	2026-05-16	38863.2	3063	8	1075	2331	121	7.79	76.25					317	1925
7494185371692270821	acehitstcg	9091	307	2025-10-10	560773.91	39376	264	2	30	453	0.99	482.09	12.27	86	100	75	42	1676
7496313128042793836	bozlun_official	1211	56	2025-09-25	298650.36	18476	621	725	2981	307	1	1142	15.57	86	78	98	84	2302
7495959303600572964	bakhtar.market	16804	206	2025-03-29	71261.34	4038	152	19	92	179	1.4	99.99	19.62	78	79	97	92	2321
7496235599769733898	roundway.supplements	4879	379	2025-08-04	435916.78	27584	22	1764	5429	776	9.99	24.99	13.38	96	87	80	117	2536
7494249894191990781	thclickmart	5136	272	2025-11-27	99446.13	8578	106	156	363	29	6.9	269.34	13.34				59	2129
7495342211693119559	thegifthouseuk	4751	0	2024-01-15	2780264.48	335926	588	4861	6080	2615	0.45	169.99	6.17	61	75	89	118	1625
7496105918049520087	iwealmt05	619	197	2025-03-25	291452.76	18041	103	469	1136	865	0.69	75.88	13.18	61	84	100	96	3017
7495009494783330952	label.cutters	2067	64	2023-12-01	553498.47	77459	323	734	1129	529	1.17	20.75	9.35	84	92	86	18	1879
7496109939937151757	homelivestore	2144	118	2025-03-12	875649.18	43047	509	1874	4199	1209	7.07	122.08	19.62	73	80	96	11	598
7494410328226694954	macropick85	732	342	2026-02-17	112513.71	14452	144	359	821	102	1	29.99		65	85	89	62	1921
7494673487618017105		0	0	2026-06-23	34103.02	1813	46	179	353	111	6.77	26.59					41	2983
7496136239388395952	thedeliciousdogfoodco	6980	611	2025-04-19	381181.49	60247	403	2	646	209	0.85	59.99	7.25	81	96	100	29	1911
7494264520903525445		0	0	2025-11-26	141223.82	21032	414	134	189	50	2.28	77.23	5.27	89	79	100	101	2713
7495866447872100366	agilithor	2468	181	2024-08-22	1182150.69	19171	90	1598	3520	3418	1.05	259.99	67.79	80	87	100	89	1623
7495840208321415669	hafaauk	8393	1054	2024-11-04	286096.76	35176	88	1296	3138	1905	2.4	165.99	10.44	79	89	98	73	2313
7496123377579232168	mvalue_tools	7028	1055	2025-03-26	264497.95	10849	292	78	1658	31	8.99	141.32	25.63	61	93	86	17	1259
7495881664347671260	fantasticfactoryshop	3455	1553	2024-09-23	813540.32	61313	29	1989	5347	896	2.99	58.92	14.74	96	95	88	63	1671
8652206151457015297		0	0	2026-08-21	13451.08	1285	339	138	254	17	7.5	14.05					596	3406
7495881815561832964	booboobabyproducts.com	2077	120	2024-08-31	234890.89	3967	32	477	923	180	4.98	112.64	64.11	67	88	100	39	2193
7496303388086864432	poppys332	33	82	2025-09-27	149779.49	10650	37	1211	2447	155	3	95	8.11	70	72	100	236	1324
7494207440330851806		0	0	2026-05-09	138486.49	5372	105	10	37	33	1	2000					43	1701
7494706580613399846		0	0	2026-07-17	26247.09	1199	57	77	95	143	7.99	43.49					86	2345
7496320596825901708	taste_flavorco_uk	1117	82	2026-02-02	99720.45	4191	6	1026	1948	121	9.49	64.94					94	2395
7495330333042903482	rhealsuperfoods	79782	1766	2023-12-01	2101930.66	120745	60	9263	18803	2724	1.99	97.5	13.34	83	87	89	103	2111
7496186035787565066	kokomauk5	3017	407	2025-06-16	672217.86	34450	135	1080	2336	687	4.29	233.47	27.73	55	90	97	15	763
7495211149111364436	dockandbay	14558	828	2024-03-22	470480.93	19897	337	664	3374	504	8.4	166.55	28.31	63	93	100	146	1950
7494654770061805079		0	0	2026-06-22	57684.41	336	6	105	215	101	35.37	1456.29					99	3171
7494787915138893803		0	0	2026-07-30	24181.2	3681	99	68	170	40	4.99	25.89					39	1870
7495167007510792832	wlwbrands	695	12	2023-07-26	157887.41	14295	492	278	726	135	1.63	113	12.71	59	85	85	52	2887
7494909120769460549	myfirststyle	107102	2300	2023-05-26	664500.98	81937	2440	120	277	913	0.45	52	11.36	75	96	94	23	1815
7494525449531590599		0	0	2026-05-12	122872.19	14793	45	4297	10197	753	2.5	56.66					306	1838
7494740638249814502	thepokeattic	27411	627	2023-05-27	1523231.31	98347	918	18	341	1090	0.3	2900	19.2	71	99	100	52	2092
7494991088252192961	prettyperfectproducts	468948	1958	2023-04-17	2102308.85	91218	212	2163	4375	1410	1.65	187.97	27.94	60	99	97	27	2162
7496086524025735383	milacolato_official	851	78	2025-02-26	233910.13	17133	274	2125	3797	502	1	155.37	14.92	60	85	99	71	1948
7494748499102369509		0	0	2026-08-19	22176.28	1514	19	295	586	97	8.5	55.25					115	2794
7495976268916427525	readysteadybed.co.uk	3454	213	2024-12-02	505969.41	15530	43	1334	3304	670	17.97	403.49	42.82	75	91	100	54	2471
7495487735726245897	ancientextracts	13650	1077	2024-02-09	591978.49	27314	100	2530	9779	1353	3.57	129.99	26.48	83	92	100	88	1677
7495305991128451448	flowerpoweruk1	34773	400	2025-08-19	682400.09	36997	208	568	2436	391	1	79.04	18.5	61	92	97	40	1697
7496163167665555701	auyoluk	6996	174	2025-08-06	471062.14	38143	18	5173	13678	2452	4.24	58	11.38	78	81	95	142	1918
7496031177300806584	emirate2230	2549	42	2025-01-10	266277.12	7241	118	230	653	550	14.42	367	34.12	72	79	90	90	2579
7494472182764111877	toptierco	144043	2477	2022-06-26	2661470.46	264882	1378	3717	3519	1438	1	65	12.02	75	97	92	21	2555
7494985189897504884	hayzcreations	16945	502	2023-09-14	262503.6	23656	598	772	2198	548	0.5	140	12.99	68	97	100	57	2740
7494530132500580440	misslulubags	134701	154	2022-07-19	7854288.8	230919	664	10768	12875	6959	1	275	53.71	70	94	100	21	1642
7494416149332395487	user1921367778827	0	1	2026-03-08	19498.75	1600	29	97	160	9	6.79	20.79					78	2291
7495281424408152824	shirin_collection0_uk	16647	2174	2023-10-08	509551.11	31668	36	335	3439	429	2.77	39.9	14.57	68	87	100	29	2464
7494704456342996812		0	0	2026-06-30	39777.4	1342	8	1424	3393	168	35	91					42	2376
7494925954177206469	curry04300	452	2	2023-02-21	543315.8	49061	101	5291	3553	1275	0.98	142.5	7.36	61	84	100	145	3502
7494811175526566393	dia.studios	24738	1070	2024-12-31	617554.95	8486	321	152	1214	547	5	130	77.5	82	97	96	48	2285
7496309547045522038	teamstryq	7024	595	2025-08-23	161149.84	10006	18	548	3163	170	4.02	45.49	17.64	86	95	100	99	1938
7495338695284983874	rooee.offical	2142	748	2023-12-01	200754.45	20536	235	587	1771	694	0.94	99.99	12.26	90	88	98	68	2261
7496153731837954256		0	0	2025-05-26	269813.52	17056	325	602	1385	212	6.67	136.84	19.66	66	89	99	14	1158
7494806868702692651		0	0	2026-08-22	30392.25	2321	78	236	380	56	1.6	25.86					72	1883
7494664943890172610	cheekywipes	87060	1617	2022-11-26	487482.59	36173	96	606	2337	795	4.95	141	13.98	83	96	90	213	1177
7496283285345045059	stephen30715	941	25	2025-08-22	288744.09	27465	489	798	1926	597	1.52	750	17.86	95	78	100	54	1218
7494701631202035824	mbd_clothing	29460	1796	2023-06-27	265474.38	17895	216	172	1696	40	1	49.8	15.18	92	98	99	40	2218
7495182003854215240	calmhavenbeauty	2230	0	2023-08-22	688234.45	70818	593	5972	9987	1414	1.31	43.95	15.08	75	91	100	303	1797
7494647286835612462	eclipse_gaming_ltd	60439	497	2022-12-09	1113512.43	131455	570	37	134	507	1.5	450	9	60	100	100	59	2354
7494539221623343257	danilocalendarsuk	3749	221	2024-05-30	122765.75	19691	2900	441	931	159	1.04	1099	5.52	61	94	67	25	2147
7494551066641400960		0	0	2026-04-19	59388.07	6298	68	22	183	103	2.5	528					79	2169
7494523752626424756	giantbradleys	24655	1044	2023-06-09	214102.38	53471	3116	162	1074	289	0.05	245	7.69	78	93	98	99	2490
7496219253346502858	shadowquella	370	0	2025-06-24	241339.43	17471	211	675	1256	319	7.56	111.1	20.27	67	90	100	33	1517
7496311439145470472	herkinduk	1203	261	2025-08-31	47819.27	2536	10	347	2265	113	14.99	74.97	20.78				112	2435
7496118433055673121		0	0	2025-11-21	28135.71	693	42	155	342	216	11.64	379.99	18.77				34	1494
7494423599427192119	user9051965569350	187	31	2026-02-27	84732.95	3310	66	144	289	427	12.58	96.61		84	79	89	130	1788
7496269052279621960	hetch.uk	6014	647	2025-08-07	433191.06	9592	13	823	2453	1468	8.54	229.99	53.1	87	69	100	88	2558
7494645826975402236	bella.bambini	35195	583	2023-03-09	771547.62	70878	2931	492	865	576	0.59	76	9.32	75	100	92	29	3176
7495626545940826826	lenakliving	1074	28	2024-03-06	799290.32	74057	346	2481	5437	2326	2.6	498.4	11.43	81	90	92	34	1761
7494868743683672828	laurarichardsboutique	23454	2113	2023-05-08	1023658.74	61830	760	363	1308	748	1	60	17.28	74	99	97	39	2728
7494101192283882817		0	0	2026-06-25	25189.64	1279	32	65	177	38	4.54	25.04					89	2540
7494603233220594280	eazy_dresses	27155	1591	2023-01-12	693287.38	61692	832	504	1708	504	1	49.99	14.4	67	93	92	28	2458
7494416441758223129	groomitooluk	53634	2149	2022-06-26	2413799.1	128386	93	4232	7181	891	1.5	65	20.12	79	92	98	32	2063
7496311688446446510	lebara.mobile	36117	133	2025-10-19	138276.79	19302	5	452	1715	590	2.7	14.1	5.81	92	85	100	150	3537
7496070219265903185	heydude.uk	7868	384	2025-04-03	161395.19	2945	61	633	3087	241	44.99	106.36	75.6	75	98	100	53	2400
