7494489357146359709	Low	Also £16.2K in Automotive ranking → combined ≈ £42.8K
7496134676313639697	Low	Also £16.6K in Baby & Maternity ranking → combined ≈ £41.8K
7495625978765674959	Medium	Appears twice in Beauty ranking (units vs GMV sort) – same £21.2K figure
7496135721839659790	Low	Also ranked ≈ £50.3K in Home Improvement (Sep) → well above band
7496021801734014992	Low	Also £17.2K in Furniture ranking → combined ≈ £37.2K
7494619105434174471	Medium	Also £14.3K in Fashion Accessories ranking → combined ≈ £26.7K (still in band)
7495198804733561750	Low	Also £14.9K in Health ranking → combined ≈ £43.8K
7495530049968704292	Low	Also £19.9K (Kitchenware) and £19.8K (Home Improvement) rankings → combined ≈ £58.7K
7496120993122912978	Low	Also £15.5K in Household Appliances ranking → combined ≈ £38.3K
7496046880300501614	Low	Also £15.0K in Household Appliances ranking → combined ≈ £35.7K
7494991028040600241	Low	Also £22.6K (Home Improvement) and £14.6K (Household Appliances) → combined ≈ £60.8K
7495360704424478928	Low	Also £14.1K in Household Appliances ranking → combined ≈ £32.6K
7495444992830245814	Low	Ranked £38.8K in Shoes (its main category) → above band
7494608413204122336	Low	Also £32.9K in Computers & Office ranking → combined ≈ £51.7K
7496147334275566468	Low	Also £21.8K in Luggage & Bags ranking → combined ≈ £35.3K
7494337048783717638	Low	Also £11.2K in Phones & Electronics ranking → combined ≈ £32.6K
7496052564698762045	Medium	Also £15.2K in Shoes ranking → combined ≈ £27.7K; large multi-category retailer (QVC) – likely bigger overall
7496147157339441503	Low	Also £15.3K in Shoes ranking → combined ≈ £32.4K
7494169580724128201	Low	Also £27.0K in Sports & Outdoor ranking → combined ≈ £44.8K
7496018979165014616	Low	Also £20.9K in Tools & Hardware ranking → combined ≈ £39.7K
7496134676313639697	Low	Also £16.6K (Baby) and £20.6K (Tools) rankings → combined ≈ £62.4K
7496079356263631317	Low	Also £18.7K in Tools & Hardware ranking → combined ≈ £38.6K
7494981884491762531	Low	Ranked £55.4K in Home Improvement (Sep) → above band
7496139229169421133	Low	Also £23.4K in Furniture ranking → combined ≈ £45.3K
7495911000806885905	Low	Also £20.4K in Furniture ranking → combined ≈ £39.5K
7496109939937151757	Low	Also £16.3K in Furniture ranking → combined ≈ £37.4K (UK rank 598 also suggests >£30K)
7494637938115578408	Low	Also £28.1K (Tools) and £13.4K (Furniture) rankings → combined ≈ £70.8K
7494477044510853251	Low	Also £18.4K in Home Supplies ranking → combined ≈ £40.3K
7495210776830315268	Low	Also £19.9K in Health ranking → combined ≈ £36.4K
7496134676313639697	Low	Also £16.6K (Baby), £20.6K (Tools) and £13.3K (Automotive) → combined ≈ £75.7K
7496081087744870936	Low	Also £27.7K in Baby & Maternity ranking → combined ≈ £44.7K
7494637938115578408	Low	Seen in 5 category rankings (Toys, Tools, Furniture, Baby, Home Improvement) → combined ≈ £120K
7495431613874276819	Low	Main category Furniture, where it ranked ≈ £95.2K (Sep) → well above band
7494155686445811347	Medium	Global brand (Vans) – main category Shoes; likely bigger overall
7496085296639478558	Low	Also ranked £41.6K in Home Improvement → above band
7496129604205775634	Medium	National brand (Royal Mail) – likely sells across more categories
7495837466902957053	Medium	Large multi-category retailer (Costway) – likely bigger overall
7496109939937151757	Low	Also £16.3K (Furniture) and £25.1K (Home Improvement) → combined ≈ £62.5K
7496150776700766284	Low	Also £17.8K in Household Appliances ranking → combined ≈ £41.8K
7496052564698762045	Low	Also £15.2K (Shoes) and £14.4K (Kitchenware) → combined ≈ £42.1K; large retailer (QVC)
7496293536374033352	Low	Also £23.0K (Automotive) and £15.1K (Luggage) → combined ≈ £48.7K
7494169580724128201	Low	Also £27.0K (Sports) and £18.2K (Pet) → combined ≈ £63.0K
7496150776700766284	Low	Also £17.8K (Household) and £23.9K (Sports) → combined ≈ £65.7K
7496020773479155719	Low	Also £23.7K in Sports & Outdoor ranking → combined ≈ £42.0K
7496163071152196040	Low	Also £23.2K in Sports & Outdoor ranking → combined ≈ £40.5K
7494680611966846717	Low	Also £21.2K in Textiles ranking → combined ≈ £34.2K
7494792390597510618	Low	Also ranked £46.0K in Shoes (Sep) → above band
