seller_id	shop_name	company_name	ranked_in_category	main_category	gmv_gbp	units_sold	gmv_growth_pct	units_growth_pct	affiliate_creators	products_with_sales	active_products	shop_rating	shop_type
7494619105434174471	Zoistar		Beauty & Personal Care	Fashion Accessories	12454.15	908	-24.28	-6.68	19	4	119	4.2	cross_border
7495625978765674959	Excellent home appli	Pingyang County Leixing Crafts Trading Firm	Beauty & Personal Care	Beauty & Personal Care	21151.78	904	1803.85	1783.33	22	5	23	3.7	cross_border
7495320015950547394	Sculpted by Aimee	Sculpted by Aimee uk Ltd	Beauty & Personal Care	Beauty & Personal Care	26104.16	895	-55.44	-63.68	854	35	93	3.5	local
7494669128119977090	Retro Pinnacle		Womenswear & Underwear	Womenswear & Underwear	13563.59	915	0	0	77	2	380	0.1	local
8652206151457015297	Ele anor		Womenswear & Underwear	Womenswear & Underwear	11558.4	914	202.34	228.78	184	2	387	4.8	local
7495782621167258447	URBANECHIC Sweater	Shantou Jiahua Trading Co., Ltd.	Womenswear & Underwear	Womenswear & Underwear	14480.39	909	378.46	305.8	131	1	1	4.6	cross_border
8652202885246977248	CAFFARIA PJ		Womenswear & Underwear	Womenswear & Underwear	11606.38	904	56.57	43.49	301	42	157	4.7	cross_border
8666858531393340648	Chic Code NVFelix		Womenswear & Underwear	Womenswear & Underwear	21339.85	901	-31.14	-37.08	317	20	124	4.5	cross_border
7495878679951214774	AloiiaOnline	Guangzhou Shangxin Keqi Clothing Trading Firm (Sole Proprietorship)	Womenswear & Underwear	Womenswear & Underwear	15718.4	896	-43.46	-41.32	109	2	7	4.7	cross_border
7495159620609411463	XZPUZ WOMEN CLOTHING ONLINE BO	Wenzhou Ya Clothing Clothing Co., Ltd.	Womenswear & Underwear	Womenswear & Underwear	11245.08	896	-37.34	-41.51	303	59	136	4.7	cross_border
7495565965938428785	Mist House Fashion	Mist House ltd	Womenswear & Underwear	Womenswear & Underwear	26965.49	893	84.67	48.83	279	23	60	3.4	local
7494467442478515809	Antimbee Direct		Home Supplies	Home Supplies	13416.19	420	59.41	44.83	172	10	16	3.9	cross_border
7496303388086864432	BLOOMMIX		Beauty & Personal Care	Beauty & Personal Care	24099.73	1287	315.23	195.18	154	4	8	4.4	local
7494644199581058663	LACTOmedi		Beauty & Personal Care	Beauty & Personal Care	23896.57	1370	138.01	74.52	800	7	8	4.4	local
7496099128061299639	NOVO OVO Nails	Novo Ovo Shenzhen Cosmetics Co.,Ltd.	Beauty & Personal Care	Beauty & Personal Care	23872.6	1704	-28.42	-40.81	1240	39	93	4.7	cross_border
7495827636321422087	sofragrance	INCOS LIMITED	Beauty & Personal Care	Beauty & Personal Care	23770.07	2677	61.42	39.72	80	39	35	3.7	local
7495975730098637639	gzolimy cosmetics	Guangzhou Aolimei Cosmetics Co., Ltd.	Beauty & Personal Care	Beauty & Personal Care	23760.35	5877	-18	-18.27	411	90	91	4.7	cross_border
7494686896434349919	Weekeinght		Beauty & Personal Care	Kitchenware	23677.11	1604	-37.77	-38.59	143	16	98	3.6	local
7494991028040600241	GAOYU STAR	SHENZHEN GAOYU STAR TRADING CO LTD	Beauty & Personal Care	Beauty & Personal Care	23591.27	924	-33.87	-46.4	184	6	49	4	local
7495161267940658045	TONVVD	Shenzhen Maiwode Technology Co., Ltd.	Beauty & Personal Care	Beauty & Personal Care	23490.46	4061	28.24	13.21	480	174	351	4.6	cross_border
7496120993122912978	WALKTOTOP	WALKTOTOP CREATIVE LTD	Beauty & Personal Care	Home Supplies	22832.68	1280	47.14	36.46	81	9	49	4	local
7494557294615235116	houseofamoruk	houseofamoruk	Beauty & Personal Care	Beauty & Personal Care	22693.36	1206	-38.09	-46.47	1082	81	240	3.9	local
7496151373717277526	Neat Living Essentials	EAGER GOODS LTD	Home Supplies	Home Improvement	21000.42	1834	19.32	-17.31	274	50	398	3.6	local
7496212154105039253	BREEZE AT HOME LIMITED	BREEZE AT HOME LIMITED	Home Supplies	Sports & Outdoor	20895.05	1521	31.86	26.43	185	62	714	4.7	local
7494849083445840856	Phoenix UK	ALTA & CO TRADING LIMITED	Home Supplies	Home Supplies	20853.61	713	130.11	83.29	61	48	97	4.4	local
7495211149111364436	Dock & Bay	DOCK & BAY LTD	Home Supplies	Home Supplies	20520.64	651	-47.74	-55.8	188	15	193	4	local
7494416141233521980	Bulkuno		Home Supplies	Home Supplies	20339.46	1587	-59.83	-56.29	178	69	426	4.4	cross_border
7496260518464490323	CASA AND PLANTS LIMITED	CASA AND PLANTS LIMITED	Home Supplies	Home Supplies	20286.78	1142	19.83	8.76	153	26	483	4.1	local
7496126355154832285	Sky Reverie	INPORTSOUL LTD	Home Supplies	Home Supplies	20211.43	1081	176.4	93.04	231	31	355	3.9	local
7495342211693119559	The Gift House UK	The Gift House UK	Home Supplies	Home Supplies	20097.28	2748	148.62	171.27	198	11	30	1.9	local
7496021801734014992	Soil Heart LTD	SOILHEART LTD	Home Supplies	Household Appliances	19991.99	1716	259.55	233.85	133	36	322	4.4	local
7496219487908563446	DetailCraft Hub	Shapingba District weihang E-commerce Business Department (Individual Business Household)	Home Supplies	Home Supplies	19736.15	7682	5.6	-0.18	460	38	43	5	cross_border
7496227861658634853	PixelHive UK	Qujing Fengcai Technology Co Ltd	Phones & Electronics	Home Improvement	11075.7	1690	286.61	265.01	42	1	60	4.3	cross_border
7496107660142610817	CYBORIS SOUND	Shenzhen Yougen Onion Technology Co Ltd	Phones & Electronics	Phones & Electronics	10965.78	238	-20.28	-24.2	188	4	4	4	cross_border
7494795508242548444	EverFlow AI Tech		Phones & Electronics	Phones & Electronics	10760.43	592	6700.23	8357.14	40	22	26	4.5	local
7494462348451743218	Apex Case		Phones & Electronics	Phones & Electronics	10662.78	886	-50.34	-47.67	63	19	267	3.8	cross_border
7494722318288848344	Currys		Phones & Electronics	Household Appliances	10655.05	65	-52.1	-59.38	128	3	32	4.4	local
7494498314484942589	Mavix Electronics UK		Phones & Electronics	Phones & Electronics	10649.55	1401	49.05	-2.16	93	8	150	3.9	cross_border
7494264520903525445	DazzaD		Phones & Electronics	Phones & Electronics	10570.39	714	225.2	60.81	27	10	115	4.6	local
8665427067224426213	Sisi Digital		Phones & Electronics	Phones & Electronics	10385.27	239	205.34	184.52	11	9	37	3.3	cross_border
7494459006864426521	CaseCouture UK		Phones & Electronics	Phones & Electronics	10205.06	980	71.28	51.47	26	14	1178	4.2	cross_border
7495159439650229121	Creative Camera Shop	Shenzhen Weizhengte Technology Co., Ltd.	Phones & Electronics	Phones & Electronics	10176.46	184	-41.07	-48.89	87	6	3	4.4	cross_border
7495297535032134007	Boqisen Swimsuit	Xingcheng Boqisen Apparel Co., Ltd.	Sports & Outdoor	Sports & Outdoor	29845.81	2532	-41.31	-42.61	74	27	28	4.7	cross_border
7494792390597510618	CheerCity		Sports & Outdoor	Sports & Outdoor	29806.56	245	89.14	81.48	150	10	23	4.4	local
7495149385393802103	Kk sports manchester	Kk sports manchester	Sports & Outdoor	Sports & Outdoor	29587.84	650	37.38	-0.61	20	21	52	4.5	local
7495694615892363469	EGO FASHION	Virtual Superwoman Limited	Sports & Outdoor	Womenswear & Underwear	29520.04	951	122.35	84.3	226	13	4984	4.2	local
7494234543579236697	boohoo	boohoo.com UK Limited	Sports & Outdoor	Sports & Outdoor	29069.44	661	332.44	389.63	113	15	1505	4.1	local
7495198804733561750	Puresport	PURE SPORT OIL LIMITED	Sports & Outdoor	Sports & Outdoor	28934.16	1471	-44.23	-74.98	278	6	15	4.4	local
7495866447872100366	Agilithor treadmill	Agilithor treadmill	Sports & Outdoor	Sports & Outdoor	28768.67	426	-1.32	-8.97	233	21	37	3.9	local
8647433486191139282	FLYBIRD Sports.UK	Yiwu Juhe Trading Co., Ltd	Sports & Outdoor	Sports & Outdoor	28029.44	351	-36.12	-46.74	223	7	11	4.7	cross_border
7496027516524136768	Clear Cut Gents	Guangzhou Bangyue Fushi Co., Ltd.	Menswear & Underwear	Menswear & Underwear	16576.42	795	61.58	53.77	183	50	338	4.7	cross_border
7496129616391474057	Golfbase	Golfbase Limited	Menswear & Underwear	Menswear & Underwear	16530.23	318	9.67	-2.45	49	29	1137	4	local
7494968514884635430	Sitting pretty	I'M SITTING PRETTY LTD	Menswear & Underwear	Womenswear & Underwear	16243.44	153	-27.28	-28.17	154	11	270	4.4	local
7496260148372408991	Leisure Tailor Co.		Menswear & Underwear	Menswear & Underwear	16209.76	1104	24.05	15.12	134	45	505	3.8	cross_border
7495179661780552152	GlareBan Store	Jinjiang Tuofu Electronic Commerce Co., Ltd.	Menswear & Underwear	Menswear & Underwear	16149.75	772	-10.2	-19.83	90	32	68	4.8	cross_border
7495172199169887220	CONJUESS FASHION	Foshan Yadi Zhiyi Co., Ltd.	Menswear & Underwear	Menswear & Underwear	16139.43	1022	-53.61	-52.82	76	37	277	4.5	cross_border
7496081604149610533	Luxe Fiber	Shishi City Yipin Guanren Trade Co., Ltd.	Menswear & Underwear	Menswear & Underwear	16122.01	627	-8.49	-16.18	108	3	5	4.4	cross_border
7494808370965285337	Silver Birch Outlet	ANSWER DIRECT LIMITED	Menswear & Underwear	Menswear & Underwear	15451.65	703	-22.32	-43.31	136	44	286	3.9	local
7494410328226694954	Macropick		Menswear & Underwear	Menswear & Underwear	15186.39	1258	-70.85	-73.05	98	12	163	3.8	local
7495159844089006524	shuai en Trading	Quanzhou Shi Shuen Trading Co., Ltd.	Menswear & Underwear	Menswear & Underwear	14983.06	914	-20.9	-25.51	166	8	177	2.1	cross_border
7494768467373426906	KOKO Couture	GOLDEN BIRD TRADING (UK) LIMITED	Fashion Accessories	Fashion Accessories	19945.64	1241	-21.76	-25.2	46	31	39	4.4	local
8650486405252094613	Tewiky US		Fashion Accessories	Fashion Accessories	19225.77	955	0	0	9	12	82	4.1	local
7495159457714243881	Topshe classic wig	Yiwu Lanmei Wig Co., Ltd.	Fashion Accessories	Fashion Accessories	18936.96	1067	-30.01	-33.35	180	126	887	4.6	cross_border
7496313128042793836	BOZLUN Club	FARIDEH INTERNATIONAL LTD	Fashion Accessories	Fashion Accessories	18717.89	787	10.75	0.9	167	67	187	4	local
7496103548228831479	Blinghair Factory Store	MYLOCKME FASHION COMPANY LTD	Fashion Accessories	Fashion Accessories	18563.87	536	-29.32	-35.96	185	16	108	4.6	local
7494226647323084130	Missbuy Human Wig		Fashion Accessories	Fashion Accessories	17787.03	333	-36.44	-44.78	36	8	16	4.5	local
7496097593052203571	YourBeautyAccs	Yiwu Kuping Electronic Commerce Business Firm (Individual Industrial and Commercial)	Fashion Accessories	Fashion Accessories	17581.6	4659	7.63	7.33	781	221	355	4.9	cross_border
7494837846595240988	Johnsinokeylikelyoakley		Fashion Accessories	Fashion Accessories	17565.28	530	0	0	0	1	23	4.4	local
7494706580613399846	Daily Brit		Fashion Accessories	Fashion Accessories	17544.49	705	128.46	188.93	160	24	56	3.4	local
7494842864727787486	Luxe Trinket Studio		Fashion Accessories	Fashion Accessories	17429.34	1014	0	0	18	24	43	4	local
7494673487618017105	ruisusu Marketplace		Muslim Fashion	Muslim Fashion	13732.53	585	5.97	5.98	212	30	57	3.7	local
7494582559166465881	Chic Elegance Dress		Muslim Fashion	Muslim Fashion	13701.18	187	51.56	24.67	311	14	41	4.2	cross_border
7494125171680773365	SY-Ornaments		Muslim Fashion	Muslim Fashion	13413.6	2803	271.3	210.41	98	10	37	4.9	cross_border
7496147893557102687	Muslim Cloaks	Foshan Yibeizi Apparel Co., Ltd.	Muslim Fashion	Muslim Fashion	13210.85	342	-32.21	-33.07	403	17	17	4.3	cross_border
7496313535135320479	Bee abayas		Muslim Fashion	Muslim Fashion	12905.04	256	-8.66	-13.51	76	15	29	3.9	local
7495562056939834365	Modest Abaya	Guang zhou shi yue xiu qu chao meng shi zhuang shang hang	Muslim Fashion	Muslim Fashion	11976.33	436	-35.82	-38.59	501	33	107	4.3	cross_border
7495204801904805894	FashionMaison	FashionMaison	Muslim Fashion	Womenswear & Underwear	11348.03	522	9.46	0.38	58	6	102	4.1	local
7495084660126419682	Bluestones	Bluestones	Muslim Fashion	Muslim Fashion	11306.36	346	-17.33	-12.18	318	24	76	3.9	local
7495350896095561800	Musleemat	MUSLEEMAT LTD	Muslim Fashion	Muslim Fashion	11208.73	342	-33.52	-38.6	57	11	30	4.7	local
7496139642347292989	HOUSE OF NOORAH	HouseofNoor	Muslim Fashion	Muslim Fashion	10872.73	589	48.27	47.99	0	8	8	4.7	local
7494637938115578408	Denny Shop UK	Denny Enterprises Int'l Ltd	Toys & Hobbies	Home Supplies	29297.73	1322	9.37	-13.31	137	34	756	4	local
7496012353877740263	chic sen	Guangzhou Sheng'en Electronic Commerce Co., Ltd.	Toys & Hobbies	Toys & Hobbies	28314.3	2424	302.24	298.03	524	12	26	4	cross_border
7495548895775525000	Yibaobao Toys	Shantou Yiyuan Toys Co., Ltd.	Toys & Hobbies	Toys & Hobbies	27808.17	3339	36.08	4.87	661	36	63	4.3	cross_border
7495881664347671260	The Fantastic Factory	The Fantastic Factory LTD	Toys & Hobbies	Toys & Hobbies	27412.15	1682	87.11	79.13	397	7	21	4.8	local
7494730332085848630	Funky Fidgets Shop LTD	Funky fidgets shop LTD	Toys & Hobbies	Toys & Hobbies	27409.08	4207	-12.66	-24.5	2228	93	89	4.4	local
7495563545389467829	Yolk Baby Store	Pujiang County Furui Electronic Commerce Co., Ltd.	Baby & Maternity	Baby & Maternity	21072.67	2545	34.37	22.41	420	252	773	4.9	cross_border
7495287627779574005	Bravellous Clothing	Shenzhen Jinxingsheng Apparel Co., Ltd.	Baby & Maternity	Baby & Maternity	21040.77	1299	8.46	-0.69	54	40	110	4.6	cross_border
7495235322873678296	Zimpli Kids	ZIMPLI KIDS LIMITED	Baby & Maternity	Beauty & Personal Care	20720.29	1512	119.35	122.03	488	28	129	4.4	local
7495881815561832964	BooBoo Baby Products	IPUK Limited	Baby & Maternity	Baby & Maternity	20468.88	296	18.89	12.55	108	14	25	4.1	local
7496010701964413451	Parents & Peanuts		Baby & Maternity	Baby & Maternity	20262.29	116	-7.17	-18.88	29	13	14	4.3	local
7496092059839465742	TRENDY HOUSEHOLDS	HOUSEHOLD TRENDS LTD	Baby & Maternity	Baby & Maternity	20184.53	1286	122.64	137.27	0	7	44	4.6	local
7495599747723463227	LADIDA UK	LADIDA (UK) BABY TOYS COMPANY LIMITED	Baby & Maternity	Baby & Maternity	19801.14	345	8.38	-10.62	138	38	65	3.8	local
7495530049968704292	lifeideas	LAI BEAUTIFUL LTD	Baby & Maternity	Home Supplies	19036.98	934	281.39	332.41	45	26	3152	4	local
7495123108008462645	My Expert Midwife	CHRISTMAS ANGELS LIMITED	Baby & Maternity	Baby & Maternity	18961.4	411	116.44	98.55	261	11	19	4.3	local
7495160888994269822	Baby Toys Stop	Dongguan Mingjia Trading Co., Ltd.	Baby & Maternity	Baby & Maternity	18900.14	2342	86.16	84.41	109	9	9	4.8	cross_border
7495583415237118286	Serious Pig UK	SERIOUS PIG LTD	Food & Beverages	Food & Beverages	19690.8	987	95.27	13.58	267	27	30	4.4	local
7495588458058582521	RM Wholesale	RM Foods Wholesale Ltd	Food & Beverages	Food & Beverages	18618.2	1053	-8.53	-5.65	123	170	571	4.2	local
7494083667368576490	Joyofsweets.com	Joyofsweets.com	Food & Beverages	Food & Beverages	18609.88	1764	54.55	11.79	38	31	99	3.4	local
7496320596825901708	Taste Flavor Co UK		Food & Beverages	Food & Beverages	18428.9	646	-34.7	-34.48	469	6	6	4.6	local
7494978223821981823	Pak Watan dried fruits	Pak Watan dried fruits	Food & Beverages	Food & Beverages	18357.25	2361	9.44	-15.22	2513	95	87	4.3	local
7494813448692861196	Candy N Choc	RUDE CHOCOLATES LTD	Food & Beverages	Food & Beverages	18035.73	1375	87.29	39.03	75	98	139	4.3	local
7495641740536613431	Wholesale Motion	Wholesale Motion Limited	Food & Beverages	Food & Beverages	17929.26	6911	9.74	19.16	54	578	890	3.6	local
7494528588282825619	TheSoftDrinksChannel	REX BROWN LIMITED	Food & Beverages	Food & Beverages	17905.25	575	15.74	6.28	196	9	27	4.5	local
7495959303600572964	Bakhtar Market	Texpo Group Ltd	Food & Beverages	Food & Beverages	17851.02	817	733.45	528.46	1872	40	110	3.6	local
7496229702565071715	Topline Retail Solutions		Food & Beverages	Food & Beverages	17716.69	657	234.78	135.48	199	14	429	4.4	local
7496009626476120090	Olympus Roots		Health	Health	17051.44	620	163.07	134.85	53	1	1	4.5	local
7496248852106610959	InsightSupps	Insight Supps LTD	Health	Health	16850.42	266	63.23	-4.66	17	18	193	4.4	local
7494892887998564464	The Mellow Company	MELLOW MUM LIMITED	Health	Health	16807.32	618	-1.23	-19.53	966	31	60	4.6	local
7494535530331276857	Hello Fit		Health	Health	16745.49	1042	-6.08	-15.35	29	12	19	4.7	local
7496235599769733898	Roundway Supplements	TG Nutrition Limited	Health	Health	16530.99	926	-23.04	-27.54	816	16	17	4.5	local
7494241797132420844	Natural support UK		Health	Health	15814.85	526	1.11	-11.6	49	2	7	4.2	local
7495755642714885070	PURETREX	PURETREX	Health	Health	15768.68	315	37.71	25	99	14	74	4.3	local
7495330333042903482	Rheal	RHEAL SUPERFOODS LTD	Health	Health	15164.67	509	-7.66	-21.69	432	21	20	4.4	local
7495780130678737680	WellnessWizards	SHAKIR ENTERPRISES LTD	Health	Health	15041.63	868	22.62	21.91	245	4	4	4.4	local
7494834122040970227	Phizz UK		Health	Health	15021.48	551	99.21	59.25	58	4	4	4.5	local
7496054259968739713	Value comfort home	A H Z INVESTMENTS LTD	Textiles & Soft Furnishings	Textiles & Soft Furnishings	20483.66	2280	88.48	62.97	88	23	52	4.1	local
8662299539872515532	Dreamy Beddings		Textiles & Soft Furnishings	Textiles & Soft Furnishings	20215.32	1245	13.02	16.57	341	33	170	3.9	cross_border
7494742485067073140	Jeffanss		Textiles & Soft Furnishings	Textiles & Soft Furnishings	19909.86	1137	2000.24	1967.27	121	3	12	3.9	local
8662838473639756912	Gentle Night		Textiles & Soft Furnishings	Textiles & Soft Furnishings	19575.78	1033	95.33	84.46	311	11	40	4.4	cross_border
7496239163221838458	SoftLift	SOFTLIFT LTD	Textiles & Soft Furnishings	Textiles & Soft Furnishings	19549.6	830	623.04	428.66	0	11	31	4.4	local
7495942914294909295	Lazzaro Bedding	BESTOUCH COMMERCE LIMITED	Textiles & Soft Furnishings	Textiles & Soft Furnishings	19333.65	1083	92.21	44.79	696	35	61	3.9	local
7496089337905121910	nztextile	nztextile	Textiles & Soft Furnishings	Textiles & Soft Furnishings	19311.88	2806	65.91	22.96	33	14	21	4.7	local
7495840208321415669	Hafaa	HAVE LTD	Textiles & Soft Furnishings	Textiles & Soft Furnishings	19103.69	2207	98.32	65.19	537	30	70	4.3	local
7496110910852401832	Comfora		Textiles & Soft Furnishings	Textiles & Soft Furnishings	18697.29	2432	30.47	35.64	149	23	250	4.7	cross_border
7494459648998802987	PlushyPure		Textiles & Soft Furnishings	Textiles & Soft Furnishings	18217.99	2396	-27.06	-31.64	1342	69	213	4.7	cross_border
7495974475196894155	Chic Utensils	Shenzhen Bao'an District Shangpinde Ceramic Home Furnishing Trading Firm	Kitchenware	Kitchenware	25279.51	1056	-10.75	-21.66	796	79	488	4.1	cross_border
7496134676313639697	Home Pulse Essentials	THEIASTRADE LIMITED	Kitchenware	Home Supplies	25218.43	1724	68.94	45.73	439	12	237	4.1	local
7495407685748885902	Brits Home Garden	JANOON LTD	Kitchenware	Home Supplies	22788.12	762	-14.36	-2.43	80	53	728	4.2	local
7494787915138893803	Orangecom		Kitchenware	Kitchenware	22704	2941	0	0	31	7	352	3.2	local
7495992110507395229	BT International	BIN TAHIR INTERNATIONAL LIMITED	Kitchenware	Kitchenware	22374.68	309	-29.61	-43.09	157	5	10	4.1	local
7496139229169421133	Anyvoyage LTD	ANYVOYAGE LTD	Kitchenware	Home Supplies	21942.83	841	-4.44	-16.57	139	15	593	4.3	local
7496109939937151757	HomeLive Furniture	SWIFTGLOBE LIMITED	Kitchenware	Kitchenware	21101.87	893	91.81	67.23	157	26	212	3.9	local
7495494392411490631	Cool Friends	Yiwu Kuyou Electronic Commerce Co., Ltd.	Kitchenware	Kitchenware	20971.88	3142	51.73	30.81	73	48	838	5	cross_border
7495946411494640638	The Ordinary Store UK	DECIEM UK LTD.	Kitchenware	Beauty & Personal Care	20278.96	1258	-63.29	-63.29	508	1	83	4.3	local
7495468360869906989	VelocityProGear	VELOCITY WORKWEAR LTD	Tools & Hardware	Kitchenware	29288.23	163	-42.11	-37.55	57	11	66	4.3	local
7494742499224356179	Sopami Care		Tools & Hardware	Tools & Hardware	28420.43	2830	-44.61	-40.33	375	2	8	4.7	local
7494567052463147208	Vonhaus	HOME BRANDS LIMITED	Tools & Hardware	Household Appliances	27983.22	420	35.45	-1.18	46	22	448	4.5	local
7496305758593321822	ONEVAN Store		Tools & Hardware	Tools & Hardware	24177.94	216	31.29	7.46	153	10	14	4.2	cross_border
7496150776700766284	Utopia Kingdom	CORNERKEEPER LTD	Tools & Hardware	Home Supplies	24009.7	894	-4.25	-18.87	25	13	550	3.2	local
7494255254937830723	Auto Workshop		Tools & Hardware	Tools & Hardware	23466.74	1612	173.48	153.46	32	9	23	4.3	local
7494113458679482344	ATuMan Tool		Tools & Hardware	Tools & Hardware	22138.03	1085	0.75	-8.75	646	11	18	4.3	cross_border
7496123377579232168	MV Tools	MANN VALUE LTD	Tools & Hardware	Tools & Hardware	21363.58	687	-4.9	-5.24	112	65	219	4.6	local
7494909659372751142	Dreibach	DREIBACH LTD	Tools & Hardware	Pet Supplies	21132.33	958	136.13	41.93	393	6	171	4.1	local
7496025841483024447	Necizon	ALNOUMAN LTD	Household Appliances	Beauty & Personal Care	13233.3	880	-10.55	-22.33	121	6	10	4.2	local
7494680611966846717	Aoemiyinguking		Household Appliances	Beauty & Personal Care	13008.48	717	-45.66	-57.82	47	17	302	3.1	local
7496105918049520087	NOYWER	NOYWER	Household Appliances	Household Appliances	12979.81	477	-49.15	-46.22	77	9	9	4.3	local
7494259526260196416	Partyhouse979		Household Appliances	Household Appliances	12978.01	475	48.03	103.86	90	7	36	4.5	local
7494642494021994303	Silentnight		Household Appliances	Textiles & Soft Furnishings	12744.27	227	0	0	50	3	29	4.2	local
7495852311576677322	Value Picks	Ruian Yinlang Daily Necessities Trading Firm	Household Appliances	Household Appliances	12421.7	1154	-32.8	-28.41	265	29	111	3.2	cross_border
7494654770061805079	JONR official		Household Appliances	Household Appliances	11929.44	46	-65.21	-71.78	36	4	6	3.2	local
7496304354731919820	Fretta UK	Yantai Lanpai Network Technology Co., Ltd	Household Appliances	Household Appliances	11758.24	132	-34.18	-42.61	111	4	4	4.3	cross_border
7496293536374033352	kelly beauty chic	TSZ WING TRADING LTD	Household Appliances	Home Supplies	10626.76	663	35.24	56.74	47	5	257	3.1	local
7494580785752802434	AlloyNook		Home Improvement	Home Improvement	22873.28	2125	2825.64	2696.05	23	3	37	4.8	cross_border
7495310762287663602	Atmosphere lamp	Shenzhen Delishun Technology Co., Ltd.	Home Improvement	Home Improvement	22506.52	2155	94.55	41.22	471	41	140	4.2	cross_border
7496186035787565066	KOKOMA.UK	KOKOMA LIMITED	Home Improvement	Home Improvement	22335.48	735	37.27	12.56	24	17	90	4.2	local
7496240027764230647	Chocbyclo	Chocbyclo	Home Improvement	Home Improvement	21290.63	744	-14.72	-37.22	132	2	11	4.8	local
7495172323409365878	Dazzling Home	Dongguan Ansui Optoelectronics Technology Co., Ltd	Home Improvement	Home Improvement	21100.15	1300	6.21	14.54	93	10	21	3.8	cross_border
7494374220723226035	Crystal Lights		Home Improvement	Home Improvement	21090.22	477	-45.36	-43.08	170	11	29	3.6	cross_border
7494249894191990781	TH CLICKMART		Home Improvement	Home Improvement	20954.02	1269	-10.51	-25.35	57	9	99	4	local
7496099140991879404	Nuptiostore	fuzhouxianhouxinxijishuyouxiangongsi	Home Improvement	Home Supplies	20932.85	740	116.12	77.46	182	4	30	4.5	cross_border
7494185371692270821	ACE HITS TCG LTD		Collectibles	Collectibles	28832.46	1860	-27.7	-36.43	1379	52	67	4.6	local
7494751408113355675	Spens Pokestop	TOP G'S LIMITED	Collectibles	Collectibles	27136.58	2745	-31.19	-35.17	108	15	15	4.9	local
7494638880325141702	BMJBREAKS		Collectibles	Collectibles	26674.99	269	7293.49	934.62	94	20	4	4.3	local
7494665262943013477	TCHewy Collectables	TCHewy Collectables	Collectibles	Collectibles	25711.72	462	-3.63	-35.2	239	12	21	4.6	local
7496312090293537514	SportsMemorabilia.co.uk		Collectibles	Collectibles	25181.99	347	-36.14	-4.67	126	19	13	4.8	local
7494801336240933390	Wiggyscollectables	Wiggyscollectables	Collectibles	Collectibles	24750.47	1441	-38.06	-31.84	1987	79	146	4.7	local
7494666354480155165	PrestinePalaceTCG	PrestinePalaceTCG	Collectibles	Collectibles	24071.35	750	72.63	49.11	32	6	20	4.2	local
7494764502796895239	Monster TCG		Collectibles	Collectibles	23801.37	740	894.13	506.56	259	27	46	4.8	local
7494207440330851806	West London collectible's		Collectibles	Collectibles	23257.54	582	25	-25.1	313	27	31	4.5	local
7494398066551915778	Dreamy Cards		Collectibles	Collectibles	23004.9	510	108.4	-3.77	295	28	61	3.5	cross_border
7494552045064128969	Living and Home UK	LIVING AND HOME LIMITED	Pet Supplies	Home Supplies	28934.02	1525	-6.22	-20.45	311	92	3190	4.3	local
7495182733713705045	Manor Farm Dog Treats	Manor Farm Dog Treats	Pet Supplies	Pet Supplies	28220.56	3384	24.73	-10.24	3126	117	123	4.8	local
7494844328726595706	Thinkprice	Vivo Technologies Limited	Pet Supplies	Sports & Outdoor	26837.8	1993	48.96	54.86	340	28	519	4.4	local
7494601824272287193	PAWLICIOUS		Pet Supplies	Pet Supplies	26755.42	1515	49.46	50.45	107	33	59	3.7	local
7494863434445654405	Home-Store	Home-Store	Pet Supplies	Home Supplies	26661.61	1056	8.71	2.52	91	12	445	4.7	local
7495996894187653778	Petclear UK	LINGCHUAN LTD	Pet Supplies	Pet Supplies	25309.06	1832	145.75	113.77	264	10	12	4.8	local
7494543067232634326	WonderPaws Studio		Pet Supplies	Pet Supplies	25090	2706	70.03	87.4	97	20	75	4.3	cross_border
7495155952172436474	Riverside Pet	HYPERSONIC WHOLESALE LTD	Pet Supplies	Pet Supplies	24430.02	1917	27.27	-4.15	221	15	21	3.8	local
7496136239388395952	The Delicious Dog Food Company	The Delicious Dog Food Company	Pet Supplies	Pet Supplies	23765.93	3027	-28.74	-23.11	1125	108	132	4.9	local
7495919050091629180	Raw Direct	Morgan's Trade Ltd	Pet Supplies	Pet Supplies	22985.07	717	-24.41	-28.59	42	21	19	3.6	local
7494490073559106882	Comfrt UK		Kids' Fashion	Womenswear & Underwear	18765.38	530	0	0	126	2	49	4.7	local
7496147157339441503	Wojit	Jinjiang Wojite Trading Co., Ltd.	Kids' Fashion	Kids' Fashion	17076.03	719	-53.52	-59.97	600	47	398	4.4	cross_border
7495687517525674259	VanillaUnderground	PREMIER P. LTD	Kids' Fashion	Menswear & Underwear	16090.22	661	-18.23	-17.38	64	201	3796	4.2	local
7495021745533847811	Morph Costumes	AFG MEDIA LTD	Kids' Fashion	Kids' Fashion	16010.82	496	3268.72	2817.65	120	32	699	4.4	local
7495880333992626492	Pengyi Children's Shoes	Taizhou Pengyi Footwear Co., Ltd.	Kids' Fashion	Kids' Fashion	14978.37	1305	8.33	14.57	544	53	518	3.8	cross_border
7494537758821942374	Mini Haute		Kids' Fashion	Kids' Fashion	14703.59	991	-15.59	-12.92	94	19	377	4.4	cross_border
7495009494783330952	Label Cutters	PARADISE CHILDRENS WEAR LIMITED	Kids' Fashion	Kids' Fashion	14040.02	1403	45.52	54.69	74	49	232	4.4	local
7495154605431557115	LBS PJs	Hangzhou Lanbaosi Trading Co., Ltd.	Kids' Fashion	Kids' Fashion	13568.37	2234	442.51	515.43	101	7	111	4.9	cross_border
7496147334275566468	CROCS UK	Crocs Europe B.V.	Kids' Fashion	Shoes	13416.44	341	44.02	77.6	404	9	160	4.9	local
8655739747381577604	Cub Quest		Kids' Fashion	Kids' Fashion	13253.91	1371	659.23	592.42	41	33	222	4.6	cross_border
8647193604911503559	Joytutus GB	GuangZhouZaoZhongWanDianZiShangWuYouXianGongSi	Automotive & Motorcycle	Automotive & Motorcycle	23492.68	1552	-4.27	-28.21	241	37	63	4.2	cross_border
8647509933899094535	HAUDIO Global		Automotive & Motorcycle	Automotive & Motorcycle	21804.76	341	47.2	22.22	52	9	24	3.5	cross_border
7496062834106337441	TIDY MONSTER UK		Automotive & Motorcycle	Home Supplies	19758.12	1268	123.84	77.59	34	1	16	4.4	local
7496079384673160186	rose origins shop	MODAMAYSTATION LTD	Automotive & Motorcycle	Home Supplies	19459.44	897	24.25	-27.31	14	8	42	3.7	local
7494129241962152989	Hieom One		Automotive & Motorcycle	Automotive & Motorcycle	18796.42	1054	-70.2	-71.04	57	11	121	3.4	local
7495159456203376895	Easy Trading	Shenzhen Heyu Technology Co., Ltd.	Automotive & Motorcycle	Automotive & Motorcycle	18648.68	1586	-41.86	-43.38	151	38	110	2.7	cross_border
7495918070877490097	Sisocor	Sisocor	Automotive & Motorcycle	Automotive & Motorcycle	17727.45	1384	-42.78	-44.66	286	1	14	4.7	local
7495888481436796939	Yass Clean	Yass Clean Ltd	Automotive & Motorcycle	Home Supplies	17622.47	610	-6.34	-12.23	30	1	35	4.6	local
7495809559631857717	Rosexpress-Logistics	Rosemond Stores LTD	Computers & Office Equipment	Computers & Office Equipment	28259.55	865	73	56.99	53	1	1	4	local
7494489357146359709	Ugreen UK		Computers & Office Equipment	Phones & Electronics	26603.8	565	-32.89	-18.12	155	4	36	4.8	cross_border
7496136867047508965	DK Bookking	Pingyang County Daokang Electronic Commerce Business Firm	Computers & Office Equipment	Computers & Office Equipment	26161.82	11302	129.74	143.79	243	12	31	4.3	cross_border
7495980972160354526	BumbleBrush	Zhanggong District Art Painting Electronic Studio (Individual Industrial and Commercial)	Computers & Office Equipment	Computers & Office Equipment	25422.88	3066	-5.92	-8.86	601	36	121	4.8	cross_border
7496070219265903185	HEYDUDE UK	Pattern Trading Ltd	Shoes	Shoes	18409.66	227	-2.81	-33.82	364	12	24	3.7	local
7494815793923786033	SafeStride UK		Shoes	Shoes	18166.02	613	2560.83	2352	47	11	11	4.4	local
7495836716222941967	Laifax	Sanmen County Laifa Clothing Trading Firm (individual industrial and commercial households)	Shoes	Shoes	17846.44	1138	22.83	-6.87	274	83	1347	3.9	cross_border
7494964452425501101	Bluebelleuk	Bluebelleuk	Shoes	Womenswear & Underwear	17517.36	423	-31.14	-36.3	228	10	126	4.3	local
7494811175526566393	DIAStudios	HAYES PERRELLA LTD	Shoes	Shoes	17233.83	185	-57.31	-57.37	834	57	109	4	local
7494248709719164722	JAJSJDKFLSFSAF		Shoes	Shoes	16996.82	317	20.84	2.26	18	1	38	4.5	local
7495453334930754042	Bargain Shoe Warehouse	Bargain Footwear Ltd	Shoes	Shoes	16044.53	1002	69.06	70.41	199	32	104	4.1	local
7496027867506378869	Chic Design Flashes	Haikou Longhua Lu Yi Yi Hong Footwear Co., Ltd. (individual industrial and commercial)	Shoes	Shoes	15943.83	841	20.8	5.65	269	103	495	4.6	cross_border
7496157199025015714	Nahae Shoes	Wenling Daxi Zidai Trading Firm (Individual Industrial and Commercial)	Shoes	Shoes	15510.33	502	95.02	76.14	398	57	470	3.5	cross_border
7495903749404199640	Swift Fit Shoes	Xiyun Shoe and Hat Store, Suiyang District, Shangqiu City	Shoes	Shoes	15417.74	1036	-4.77	14.86	123	105	1375	2.9	cross_border
7494910371489679793	WOWTRAVEL	ABZTRADINGUK LTD	Luggage & Bags	Luggage & Bags	29194.15	1246	7.37	-5.39	114	15	46	4.1	local
7494530132500580440	Miss LuLu Bags	Moon Fashion Limited	Luggage & Bags	Luggage & Bags	27389.41	679	-30.1	-30	1930	116	342	4.2	local
7494220744084849910	zekre		Luggage & Bags	Luggage & Bags	26630.61	1579	2.03	-11.19	63	7	52	4.6	cross_border
7494642134508995780	NAIRA		Luggage & Bags	Luggage & Bags	26561.23	2264	-86.26	-86.32	272	17	40	2.8	cross_border
7494388446989682452	SUFKGHAJKFVHSJAFGHALS		Luggage & Bags	Luggage & Bags	24743.93	1161	4.59	-32.7	70	9	59	4.4	local
7495168137809201476	Maxoner Bag	Baoding Yashangjie Leather Goods Manufacturing Co., Ltd.	Luggage & Bags	Luggage & Bags	24289.81	2459	-41.38	-44.42	875	57	572	4.6	cross_border
7494454767126348881	Luggageonline1		Luggage & Bags	Luggage & Bags	22296.06	461	2062.36	972.09	107	17	93	3.5	local
7494582845016540760	Purify Studio		Automotive & Motorcycle	Toys & Hobbies	17428.5	1267	81.22	73.32	5	6	152	3.3	local
8648843511193442526	HPBSDirect		Automotive & Motorcycle	Automotive & Motorcycle	17264.69	360	159.89	162.77	51	7	5	4	cross_border
7496086448237808556	Rituals Cosmetics UK	Rituals Cosmetics UK Limited	Automotive & Motorcycle	Beauty & Personal Care	17068.54	391	2.48	-13.69	710	11	169	3.9	local
7494635261051046789	The Dustpan and Brush Store	Flintoft Ironmongers Limited	Automotive & Motorcycle	Home Supplies	17017.71	1367	15.48	1.86	61	8	207	4.7	local
7495153591421995943	TOPK Store	Dongguan Chenxun Electronics Co.	Automotive & Motorcycle	Automotive & Motorcycle	16796	2889	-0.64	-8.26	224	26	52	4.7	cross_border
8647628311637563507	Deeptik		Automotive & Motorcycle	Tools & Hardware	16625.2	1357	126.36	92.76	81	35	457	4.7	cross_border
7495612981806598492	Sleek Chic Habitat	Yiwu Yiye E-commerce Firm (Individual Industrial and Commercial Household)	Automotive & Motorcycle	Automotive & Motorcycle	16361.85	6724	34.95	17.35	356	14	106	4.8	cross_border
7494599174730450593	VANTE Simple Style		Automotive & Motorcycle	Automotive & Motorcycle	15848.94	951	5146.66	4222.73	38	1	5	4.7	local
7495469454324697971	PWACCS	Taizhou Xingxing Technology Co., Ltd.	Automotive & Motorcycle	Automotive & Motorcycle	15649.58	676	-9.17	-5.98	107	21	37	4.4	cross_border
7496020773479155719	JF HOME	JIANFENG LIMITED	Baby & Maternity	Baby & Maternity	18331.55	600	3159.01	2900	77	11	874	4.5	local
7496135721839659790	Homelife Factory	BUNNEJKASH LIMITED	Baby & Maternity	Home Improvement	17894.92	771	-51.93	-58.9	100	11	467	4.2	local
7494169580724128201	MhstarUK	MH STAR UK LTD	Baby & Maternity	Home Supplies	17795.55	257	5.14	-6.88	64	62	4531	4.2	local
7495391505936910779	Xsnow falcon	Zhejiang Qiansheng Fushi Co., Ltd.	Baby & Maternity	Baby & Maternity	17629.34	1999	62.99	44.54	131	32	77	4.5	cross_border
7494909120769460549	My first style	My first style	Baby & Maternity	Baby & Maternity	16931.43	917	176.12	138.18	619	24	87	4.8	local
7496181454983236002	MOLLIS	Hangzhou Zhenqi Hygiene Products Co., Ltd	Baby & Maternity	Baby & Maternity	16413.64	924	-19.55	-31.66	254	1	4	4.7	cross_border
7494701631202035824	MBD CLOTHING	MBD CLOTHING	Baby & Maternity	Baby & Maternity	15980.25	711	-19.34	-25.32	145	33	67	4.1	local
7494230849397622600	Tiny Trails		Baby & Maternity	Baby & Maternity	15750.91	70	-26.96	-38.6	21	4	4	3	local
7495805918279338743	Hobbledehoo	Megswell Limited	Baby & Maternity	Baby & Maternity	15575.64	338	-2.82	-5.06	102	2	2	4.7	local
7495150107092945291	Beauty carves	SHOAIBAKHTAR LTD	Beauty & Personal Care	Beauty & Personal Care	22504.82	1260	-54.97	-56.14	172	4	5	4.4	local
7494833995822631784	Weleda UK	Weleda UK Limited.	Beauty & Personal Care	Beauty & Personal Care	22493.98	1367	8.6	4.43	540	25	62	4.4	local
7495182003854215240	Calm Haven Beauty	Calm Haven Beauty	Beauty & Personal Care	Beauty & Personal Care	22045.43	1406	-27.56	-33.17	806	110	224	4.9	local
7494330099382781750	londoncosmetics1		Beauty & Personal Care	Beauty & Personal Care	21996.37	1105	12.76	4.64	199	13	34	4	local
7496236880753560501	Beautyturess Glow Studio	BEAUTYTURESS LTD	Beauty & Personal Care	Beauty & Personal Care	21798.83	1150	-39.87	-53.76	740	31	69	3.9	local
7494670871576415019	SURI	Coral Innovations Ltd	Beauty & Personal Care	Beauty & Personal Care	21454.54	231	-39.64	-21.16	214	7	7	4.1	local
7494635369593408258	The Cheeky Panda Shop	THE CHEEKY PANDA LIMITED	Beauty & Personal Care	Beauty & Personal Care	21305.54	1094	4213.37	4107.69	113	2	16	4.3	local
7494104088722376508	Glamnetic UK		Beauty & Personal Care	Beauty & Personal Care	21097.84	1201	-24.46	-29.14	495	13	16	4.7	local
7496121259520395929	Practical Perfections UK	PRACTICAL PERFECTIONS LTD	Beauty & Personal Care	Beauty & Personal Care	20917.4	2224	-25.81	-31.63	615	1	1	4.9	local
7494735075157837261	POP & PULL UK		Collectibles	Collectibles	22259.39	994	6449.11	8936.36	39	10	44	4	local
7495315505382787224	PokiePullz	PokiePullz	Collectibles	Collectibles	22244.91	507	-2.56	-22.71	474	35	39	4.7	local
7495882377515862242	Dadosaur TCG	Dadosaur TCG	Collectibles	Collectibles	20715.74	1352	-43.92	-45.48	1125	50	118	4.7	local
7494740638249814502	AtticBreaks	AtticBreaks	Collectibles	Collectibles	20606.32	750	-56.24	-43.95	2249	60	108	4.6	local
7494163123353585044	Ripalot		Collectibles	Collectibles	19229.88	1850	-22.12	-28.29	998	36	44	4.8	local
7494722009275336445	ZERO LIMITS BREAKERS		Collectibles	Collectibles	18278	488	474.46	356.07	34	6	2	4.5	local
8647941238333937944	Wen Qing Squishy-UK		Collectibles	Collectibles	18084.57	741	1019.63	850	71	15	3	4	cross_border
7494533985146537213	The Real Autograph		Collectibles	Collectibles	17994.53	704	-55.09	-62.67	16	3	4	4.2	local
7494707812361602612	Hex & Holo		Collectibles	Collectibles	17759.63	858	52.42	35.97	379	43	47	4.7	local
7495883480680729040	Hokey Poke Games	PROACTIVE SYSTEMS LTD	Collectibles	Collectibles	17392.43	1203	-16.02	-11.54	1092	52	85	3	local
7495531069062482172	GOGOTOY	Shenzhen Le Fu Xin Technology Co., Ltd.	Computers & Office Equipment	Computers & Office Equipment	24236	880	12964.95	4788.89	30	10	29	4.4	cross_border
7495802103756261957	Artisanal Bargains	Foshan Wakagada Trading Co., Ltd.	Computers & Office Equipment	Computers & Office Equipment	23735.88	5550	630.42	604.31	438	72	109	4.8	cross_border
8647791495452924295	LumiKidzStore		Computers & Office Equipment	Computers & Office Equipment	23639.22	752	28.74	15.34	403	4	14	4.6	cross_border
7494607438600177302	LG UK		Computers & Office Equipment	Household Appliances	23217.09	129	177.77	377.78	200	6	21	4.2	local
7494337048783717638	XBJ INC		Computers & Office Equipment	Womenswear & Underwear	21403.58	178	62.49	48.33	73	7	53	3.8	local
7494991088252192961	prettyperfectproducts	PRETTY PERFECT PRODUCTS LTD	Computers & Office Equipment	Computers & Office Equipment	19818.2	711	-20.49	-31.83	908	27	28	4.6	local
7494607108424763277	Unique Notes		Computers & Office Equipment	Computers & Office Equipment	18992.3	1547	105.63	84.83	240	9	161	4.3	cross_border
7494754018397357665	HazeWea		Computers & Office Equipment	Computers & Office Equipment	18626.62	801	-13.79	-26.45	0	1	1058	4.5	local
7494539221623343257	Danilo Calendars and Cards	Danilo Promotions Ltd	Computers & Office Equipment	Computers & Office Equipment	18117.7	2088	120.3	77.4	169	348	2261	4.2	local
7495153653392968150	Kolorowy Stationery	Dongguan Centripetal force E commerce Co Ltd	Computers & Office Equipment	Computers & Office Equipment	18032.56	3571	-2.93	-2.11	684	74	337	4.8	cross_border
7496219253346502858	Shadowquella	PENDRAGONCN LTD	Furniture	Furniture	20326.76	1227	-8.91	-25.82	187	14	91	4.5	local
7494491601972595583	TII Brands	This Is It Stores ltd	Furniture	Home Supplies	20298.02	227	681.46	354	66	6	433	4.3	local
7496079356263631317	LixHomeGarden	LIXIA LIMITED	Furniture	Furniture	19866.33	703	-15.98	50.86	171	51	1045	4.5	local
7495556543679662367	London Boutique Home Style	A STAR HOMEWARES LTD	Furniture	Furniture	19832.81	240	1108.46	2081.82	58	14	198	3	local
7496159598331398271	MOPHOTO shop	SHANGHAI XINHUI GONGYINGLIAN GUANLI YOUXIANGONGSI	Furniture	Furniture	19417.32	87	0	0	36	2	8	3.5	cross_border
7494828392495679172	Souk		Furniture	Furniture	18855.45	239	1280.09	1157.89	18	13	32	4.4	local
7496006263948740700	Tribesigns home	SNCH TRADE LIMITED	Furniture	Furniture	17827.99	93	-19.24	-44.64	86	12	45	3.9	local
7495976268916427525	Ready Steady Bed	Ready Steady Bed Ltd.	Furniture	Furniture	17606.9	410	168.97	162.82	212	7	30	4.7	local
7494632849114170746	Prime nest living		Furniture	Furniture	17320.57	25	238.87	177.78	14	8	29	3.1	local
8651451691605067490	Budget Fashion Hats		Fashion Accessories	Fashion Accessories	17179.02	2389	-21.2	-28.02	301	129	1222	3.8	cross_border
7494631989745453020	POP MART UK Official		Fashion Accessories	Computers & Office Equipment	16925.07	618	580.76	1111.76	202	10	120	4.4	local
8656714271896929714	Snappy wig shop		Fashion Accessories	Fashion Accessories	16681.55	281	684.14	836.67	21	21	428	3.2	cross_border
7494617224688928531	MYLOCKME Human Hair Wigs Shop		Fashion Accessories	Fashion Accessories	16666.39	438	-20.75	-25.26	158	27	134	4.7	local
7495801182131161735	PureJoyce	Jieyang City, Jiedong District, Pandong Qulime Electronic Products Business Department (individual industrial and commercial households)	Fashion Accessories	Fashion Accessories	16621.2	3822	-12.43	-25.87	305	142	303	4.4	cross_border
7496158891695835976	GiGiDiyShopUK	Lianyungang Xingchenming Trading Co Ltd	Fashion Accessories	Fashion Accessories	16567.88	621	75.73	62.14	254	7	17	4.6	cross_border
7494801797616076484	COYYU STORE		Fashion Accessories	Fashion Accessories	14984.14	2002	184.26	151.51	22	17	40	4.3	local
7495848025252596142	Kakonia	Yiwu Lianlian Electronic Commerce Co., Ltd.	Fashion Accessories	Fashion Accessories	14864.21	1609	28.89	10.97	136	76	1449	4.6	cross_border
7495853450603169927	IROJEFF Shop	Yiwu Qianya Apparel Factory (Individual Industrial and Commercial)	Fashion Accessories	Fashion Accessories	14457.3	812	29.97	-22.22	193	154	2352	4.3	cross_border
7495874573347294081	SLF PRODUCTS	SLF PRODUCTS	Food & Beverages	Food & Beverages	17668.91	728	-4.62	-23.29	64	66	316	3.7	local
7496071092626950496	Bargain Direct	DAWN INTERNATIONAL (GLASGOW) LIMITED	Food & Beverages	Food & Beverages	17447.89	932	27.45	25.95	63	149	372	4.6	local
7494882323803048835	Candylicious Time	Candylicious Time	Food & Beverages	Food & Beverages	16861.81	2102	11.25	-10.89	51	155	641	4.5	local
7494570220322589356	Dolly's Desserts	Dolly's Desserts	Food & Beverages	Food & Beverages	16658.8	2766	-17.12	-25.02	241	11	15	4.3	local
7495691223590669029	WZ Foods	Warzone Gear LTD	Food & Beverages	Food & Beverages	16612.97	869	23.98	7.02	66	4	4	4.5	local
7494470567873906321	DiscountCoffee		Food & Beverages	Food & Beverages	16552.29	1487	16.45	21.19	234	32	68	2.6	local
7494214733602587981	KrunchdUK		Food & Beverages	Food & Beverages	16548.83	2941	11.96	6.75	45	6	6	4.4	local
7494212271744320708	OnlineGroceries		Food & Beverages	Food & Beverages	16447.98	745	75.15	34.96	104	72	307	2.4	local
7495398281635465876	Sweetandsourasia	Sweetandsourasia	Food & Beverages	Food & Beverages	16027.33	2462	-55.41	-56.24	243	133	178	3.4	local
7495902074866535157	TianMao TikMall	TIANMAO LTD	Food & Beverages	Food & Beverages	16014.07	5539	3.37	-3.9	100	127	1524	4	local
7495562526638573972	Onyx Nutra	UKONYX	Health	Health	14928.91	745	38.25	22.13	125	22	54	4.6	local
7495981719596731299	Nutrivo		Health	Health	14739.63	915	-15.02	-22.91	385	12	23	4.5	local
7496115267887204613	HOLYTIME	HOLYTIME LTD	Health	Health	14519.1	383	24.41	-22.63	69	8	16	4.1	local
7495995772105427304	Longevity Box	Life Upgraded Ltd	Health	Health	13531.17	377	184.7	146.41	262	4	15	4.1	local
7494831404594989295	Gains Nutrition	Al-Haatif Limited	Health	Health	12886.41	805	7.53	-4.96	146	56	120	4.2	local
7495680298250504458	sealionsvitamins	SUPREME IMPORTS LTD	Health	Health	12403.78	1256	98.55	63.75	16	11	46	2.5	local
7494631334565677710	Recuperol	NEWTRIUM LTD	Health	Health	12054.26	791	41.99	2.2	263	13	29	4.6	local
7494674235326891581	Skin UK		Health	Health	11727.92	387	94.09	111.48	0	8	15	4.4	local
7494349675016652570	C4		Health	Food & Beverages	11514.19	479	-11.37	-19.9	337	8	12	4.5	local
7495153689060543098	AHFECTNY	Zhongshan Pengchenyu Lighting Technology Co., Ltd.	Home Improvement	Home Improvement	20835	1231	-4.78	-45.29	3	3	1	3.1	cross_border
7496046880300501614	JN CHICCRAFT	TRAIN LIMITED	Home Improvement	Home Supplies	20770.5	1273	-5.15	-20.59	32	58	1082	4.3	local
7495159776511298455	Decorative lighting lighting	Zhongshan Yadi Li Lighting Decoration Co., Ltd.	Home Improvement	Home Improvement	20062.94	2975	20.88	-2.65	328	57	183	4.7	cross_border
7495894847603379166	Acehome	CABINET LIMITED	Home Improvement	Home Supplies	19632.94	903	-22.55	-25.31	213	67	2388	4	local
7495363426492123464	The Wilson Group	AFRAPOCO LIMITED	Home Improvement	Home Improvement	19604.88	2113	18.98	19.51	127	19	127	4.6	local
8652203456011929323	Cetant Lighting		Home Improvement	Home Improvement	18658.97	712	-16.11	-18.91	102	14	51	2.1	cross_border
7495922513395812784	Lekato Life	ASDNAS LTD	Home Improvement	Home Improvement	18477.51	1085	22	6.37	95	1	61	4.2	local
7496123283321817591	WARSUN DAWN	Ningbo Mingwo Import and Export Co Ltd	Home Improvement	Home Improvement	18145.89	657	-7.15	-6.81	88	9	9	4.2	cross_border
7496047341641042592	OveeDay	Engraved Zodiac Ltd	Home Improvement	Home Improvement	17861.77	939	-38.07	-40.49	109	3	73	3.1	local
7494423599427192119	All ltd		Home Supplies	Home Supplies	19691.49	602	14.13	5.43	313	22	64	4.2	local
7495338489135336316	DIY factory store	Dongyangshi Youchen Crafts Co., Ltd.	Home Supplies	Home Supplies	19657.73	2439	33.66	34.68	199	8	61	4.7	cross_border
7494506531699133347	Groundlevel	HOME ONLINE STORES LIMITED	Home Supplies	Home Supplies	19455.74	815	1003.38	805.56	23	2	161	3.9	local
7494809626874448887	Interior Finish Outlet	Morgan's Trade Ltd	Home Supplies	Home Supplies	18944.14	955	-19.43	-21.66	143	31	2	4.6	local
7494808625416209564	Tellaro		Home Supplies	Home Supplies	18904.67	2361	34588.74	47120	32	25	83	4.3	local
7495679085362514649	ASPECT UK	Luxtrous Ltd	Home Supplies	Home Supplies	18884.63	1263	-18.91	-28.56	47	12	109	3.5	local
7496018979165014616	Lunarc09	LUNA ARC LTD	Home Supplies	Tools & Hardware	18811.71	1101	15.46	-20.1	103	68	507	4.4	local
7496163167665555701	Auyol	VINSHAN LTD	Home Supplies	Home Supplies	18785.02	790	-45.14	-57.11	754	10	11	3.7	local
7496276230289197145	CHIGHGARDEN	CHRISTOPHER HIGHGARDEN LIMITED	Home Supplies	Home Supplies	18750.03	1198	22.93	28.54	70	15	71	4.3	local
7494116533932623570	TOP HOT SALE STORE		Home Supplies	Home Supplies	18489.58	2310	152.76	36.85	29	27	227	4.1	local
7494456309417151201	APEMAN UK LTD	APEMAN UK LTD	Household Appliances	Household Appliances	16395.73	151	10.55	-9.58	49	4	7	4	local
7494221867171874525	Lubluelu-UK		Household Appliances	Household Appliances	16294.6	164	58.78	47.75	50	12	11	3.9	local
7495028888184850616	LLWSHOP	Guangdong Liao Liao Network Technology Co., Ltd.	Household Appliances	Household Appliances	16168.77	1206	-34.26	-35.78	314	5	12	4.6	cross_border
7496125461026474523	MyDreamHouse	Oriental Trade Links LTD	Household Appliances	Household Appliances	15689.3	412	-48.63	-40.97	118	19	57	3.5	local
7494474742299592355	PetAir		Household Appliances	Household Appliances	15280.89	461	386.3	423.86	17	3	7	4.6	cross_border
7494818473865481193	Katie Barnes Tool Range	KATIE BARNES TRAINING ACADEMY LTD	Household Appliances	Beauty & Personal Care	14001.46	326	-52.78	-65.79	171	3	108	4.9	local
8663451763746113239	Chic Nerds		Kids' Fashion	Kids' Fashion	12995.42	1526	646.91	575.22	74	40	368	3.4	cross_border
7494700652106189511	My Carry Potty	My Carry Potty Limited	Kids' Fashion	Baby & Maternity	12952.78	351	0	0	61	2	43	3.2	local
7495444992830245814	Wynsors	COURTESY SHOES LIMITED	Kids' Fashion	Shoes	12425.57	625	-47.42	-34.21	96	50	788	4.2	local
7494472182764111877	TOP TIER CO.	Top Tier Clothing Ltd	Kids' Fashion	Kids' Fashion	12344.7	436	-56.76	-76.58	1295	65	98	4.7	local
7495861851761380065	G5 Apparel	EK WHOLESALE LTD	Kids' Fashion	Menswear & Underwear	11743.02	802	-60.08	-62.37	117	27	370	4.6	local
7494645826975402236	Bella Bambini	Bella Bambini	Kids' Fashion	Kids' Fashion	11151.38	1365	63.45	46.3	438	30	1143	4.6	local
7495154588063205913	Charming little princess	Guangzhou Meiqi Ai Clothing Co., Ltd.	Kids' Fashion	Kids' Fashion	11149.71	704	-6.26	-10.89	54	62	1971	4.8	cross_border
7496051761500293754	Snug Kids	Puning Liusha Tansui Clothing Store	Kids' Fashion	Kids' Fashion	10498.06	1270	19.89	6.63	76	71	91	4.9	cross_border
7494403467480958215	Sodastream UK		Kitchenware	Household Appliances	19240.2	954	235.81	235.92	182	3	18	4.6	local
7495911000806885905	Nifogo Deals	NEATKITCHEN CREATIONS LTD	Kitchenware	Furniture	19065.12	744	-30.75	-45.33	177	24	71	4.1	local
7494099546230457606	VivaCup		Kitchenware	Kitchenware	18801.23	1314	15.03	14.26	160	28	253	5	cross_border
7494608413204122336	plmakeupacademy	PL DISTRIBUTION LTD	Kitchenware	Beauty & Personal Care	18773.85	699	18.33	14.97	1023	4	378	4.3	local
7494764631438952180	Tidyz		Kitchenware	Pet Supplies	18667.21	1990	1265.88	981.52	116	2	6	4.6	local
7495360704424478928	BRITA UK	BRITA WATER FILTER SYSTEMS LIMITED	Kitchenware	Kitchenware	18489.04	460	-23.35	-34.1	349	9	13	4.6	local
7495348844776294967	Sassy Sips	Sassy Sips UK	Kitchenware	Kitchenware	18044.59	1597	0.47	-9.47	37	39	429	4.9	local
7495210776830315268	BERLITE TRADING	BERLITE TRADING CO. LTD	Kitchenware	Health	16510.28	916	3.7	-3.07	272	3	55	4.3	local
7496019763000608891	Simp Cup	Yiwu Muchu Trading Co., Ltd.	Kitchenware	Kitchenware	16359.28	1577	-64.78	-65.61	289	42	153	3.9	cross_border
7495398329906727889	MIYIN Luggage	Guangzhou Taoyin Leather Goods Co., Ltd.	Luggage & Bags	Luggage & Bags	21597.35	2997	-11.31	-21.73	754	115	330	4.8	cross_border
7495478644661389742	Easy Bag	Baigou Xincheng Semba Luggage Factory	Luggage & Bags	Luggage & Bags	20376.61	1274	-0.32	-15.91	483	47	1829	3.1	cross_border
7495168128170101309	ZS BAG	Baoding Zhenshang Xiangbao Manufacturing Co., Ltd.	Luggage & Bags	Luggage & Bags	20363.69	1570	-34.48	-37.52	582	200	2517	3.2	cross_border
7495744857890524101	Sheonly UK	TAM TAM TRADE LIMITED	Luggage & Bags	Home Supplies	20125.8	1000	43.39	43.27	176	55	1102	4.5	local
7494114513721590792	Carry on Luggage		Luggage & Bags	Luggage & Bags	19955.96	316	39.06	17.47	58	7	12	4.2	local
7495916131541092759	Aerolite Luggage UK	USB INTERNATIONAL LIMITED	Luggage & Bags	Luggage & Bags	19589.62	350	22.04	10.06	150	43	156	4	local
7495162408276494622	Wolf bag	Guangzhou Aolang Trading Co., Ltd.	Luggage & Bags	Luggage & Bags	19164.3	1624	-24.58	-30.15	344	87	336	4.4	cross_border
7494325704764851319	Sleek Sack		Luggage & Bags	Luggage & Bags	19100.81	1084	46.07	42.63	490	67	558	3.9	cross_border
7496199852562549627	Yesfover		Luggage & Bags	Textiles & Soft Furnishings	18067.75	823	218.18	194.98	35	4	85	3.5	cross_border
7495642283401972138	Wondoo outdoor clothing	Shishi Wangdu Clothing Co., Ltd.	Menswear & Underwear	Menswear & Underwear	14934.34	615	40.46	21.78	149	9	58	4.4	cross_border
8647987967289366995	MANLENS		Menswear & Underwear	Menswear & Underwear	14861.85	427	197.9	141.24	22	20	533	4.3	cross_border
7496163914570894269	Funtra	FUNTRA LIMITED	Menswear & Underwear	Menswear & Underwear	14453.49	455	77.25	55.82	51	6	6	4.4	local
7496093875337726608	Dadity	OU BOOKS LIMITED	Menswear & Underwear	Womenswear & Underwear	14436.79	569	111.27	117.18	4	12	1118	4.3	local
7494379581982606946	Fashion Hype		Menswear & Underwear	Menswear & Underwear	14396.91	653	20.48	3.32	125	15	1324	4.1	cross_border
7495645181314107799	Jack wilk	Qingyuan Changwei Apparel Trading Co., Ltd.	Menswear & Underwear	Menswear & Underwear	14321.91	1115	256.65	224.13	156	19	80	3.9	cross_border
8649766603916417339	MS Mens Clothing		Menswear & Underwear	Menswear & Underwear	14318.13	702	252.7	214.8	49	37	280	4.6	local
7496134871334226665	Budget Elegant Men	Shantou Chaonan District Xiashan De Xinya Clothing Store	Menswear & Underwear	Menswear & Underwear	14228.54	984	-1	-9.14	120	38	1085	2.9	cross_border
7495903839816813509	Sleek Tactics	Quanzhou Songpan Trading Co., Ltd.	Menswear & Underwear	Menswear & Underwear	14194.44	744	2.68	-12.26	313	8	26	4.5	cross_border
8665161226241279674	Chic Denim Splash		Menswear & Underwear	Menswear & Underwear	14039.26	585	65.97	50	97	14	118	4.4	cross_border
7494246941151693377	AnnieJames	Annie James Trading Limited	Pet Supplies	Pet Supplies	22939.47	1663	89.86	65.8	163	13	31	4	local
7494896205972867337	Rydale	YTC Limited	Pet Supplies	Pet Supplies	22610.51	1150	-0.69	-5.04	298	14	841	4.2	local
7496269162594208506	Play9 Store		Pet Supplies	Pet Supplies	22609.54	1128	28.5	19.24	452	1	1	4.7	local
7496079382215887019	Puainta UK	LAMAR RETAIL LTD	Pet Supplies	Pet Supplies	22048.04	823	-17.44	-33.31	147	10	13	4.5	local
7494477044510853251	Onlinehomeshop	Online Home Shop LIMITED	Pet Supplies	Textiles & Soft Furnishings	21880.79	2311	2407.86	2651.19	190	11	583	4.2	local
7494416441758223129	Groomi Pet Care	Groomi Limited	Pet Supplies	Pet Supplies	20829.2	1136	-16.06	-17.08	638	21	23	4.6	local
7495784237965609342	Biokitty	lexell impex limited	Pet Supplies	Pet Supplies	20733.9	972	2.91	-3.38	39	10	17	4.5	local
7494507053928580258	WinkHomi UK		Pet Supplies	Pet Supplies	20435.32	461	8.29	28.41	380	2	2	4.2	local
7495753393812769128	MarketMax LTD	MARKETMAX LTD	Pet Supplies	Home Supplies	20272.62	1609	60.82	86.66	115	44	1943	4.3	local
7495946166314830156	India's Hamster Rescue	India's Hamster Rescue	Pet Supplies	Pet Supplies	20212.52	2626	17.17	8.65	60	71	61	4.9	local
8647768569586031054	Timechic		Phones & Electronics	Phones & Electronics	12475.08	1009	49.51	41.51	1	13	175	3.9	cross_border
7496052564698762045	QVC UK	QVC UK	Phones & Electronics	Home Supplies	12465.91	306	503.45	456.36	226	10	1018	4.5	local
7495422227080775968	XQiuyan Lights	Shenzhen Qiuyang Technology Co., Ltd.	Phones & Electronics	Phones & Electronics	12399.36	565	40.92	36.14	85	9	9	4.8	cross_border
7495722859228006814	YOYOCS	Shenzhen Kefeng Zhilian Technology Co., Ltd.	Phones & Electronics	Phones & Electronics	11984.92	750	20.49	7.45	73	7	7	4.7	cross_border
7494088627966346321	Erin Small Shop	Erin Small Shop	Phones & Electronics	Phones & Electronics	11668.4	173	-82.67	-84.76	36	3	3	3.2	local
7495994317181061589	Over the Shop	Over the Shop	Phones & Electronics	Phones & Electronics	11493.2	332	-19.77	-18.83	32	9	35	3.2	local
7495483146143566277	Guogeng Shop	Shenzhen Guogeng Technology Co., Ltd.	Phones & Electronics	Phones & Electronics	11097.9	468	-38.02	-43.82	89	7	9	3.8	cross_border
7496311688446446510	Lebara UK		Phones & Electronics	Phones & Electronics	11080.14	1356	-3	-21.03	65	5	5	4.2	local
7494925954177206469	Living Wares	OUBO TECHNOLOGY LTD	Phones & Electronics	Phones & Electronics	11079.72	434	-68.4	-78.64	111	2	1	4.4	local
7496131274466036242	Arisic Store	Xiamen Qiyufei Electronic Commerce Co Ltd	Shoes	Shoes	15080.07	551	82.52	61.11	226	38	90	4.1	cross_border
7494954743913876241	Boux Avenue	BOUX AVENUE LIMITED	Shoes	Womenswear & Underwear	14407.56	550	-9.37	-0.36	500	24	1688	3.7	local
7495181233591782367	YAMEPP	Jinjiang City, Chendai Town, Minshi Shoe Factory	Shoes	Shoes	14114.75	841	-23.4	-18.51	549	24	190	4.5	cross_border
7495986210517781362	On feet& in love	Huidong County Dalin Shifa Shoe Factory	Shoes	Shoes	13937.53	623	1.65	3.15	211	15	213	4.5	cross_border
7494851724060165953	SARAHGIG SHOP		Shoes	Shoes	13872.83	82	0	0	9	3	3	0	local
7494882116083878826	4FEETSHOES	4FEET RETAIL LTD	Shoes	Shoes	13614.83	150	-21.36	-39.52	202	57	4517	3.8	local
7495341751555164763	CORE COLLECTION	CORE SHOES LTD	Shoes	Shoes	13396.28	968	22.61	-10.45	185	60	235	3.8	local
7494665594612122881	StarMall		Shoes	Shoes	13391.02	706	1468.95	923.19	17	67	181	4.1	local
7496106810635815737	Hsia.bra	Seeding Co.,Limited	Sports & Outdoor	Womenswear & Underwear	27335.48	666	-27.64	-29.82	144	1	96	4.4	cross_border
7495092519267109053	Mario Fashion Outlet	D3G GROUP LIMITED	Sports & Outdoor	Menswear & Underwear	27271.64	1347	-4.68	-16.13	255	9	41	4.3	local
8653454358714090642	Luxe Comfy		Sports & Outdoor	Sports & Outdoor	27205.58	1359	281.44	233.91	254	25	119	4.3	cross_border
7494963105977895814	Net World Sports	NET WORLD SPORTS LIMITED	Sports & Outdoor	Sports & Outdoor	27147.47	1164	-8.13	3.74	85	114	914	3.8	local
7495871685846928356	Yooknown	Zhongshan Youyou Apparel Co., Ltd.	Sports & Outdoor	Sports & Outdoor	26919.47	2117	-15.88	-22.34	346	36	100	4.6	cross_border
7495201772452546796	RUFF SPORTS	RUFF SPORTS	Sports & Outdoor	Sports & Outdoor	26756.47	570	186.21	137.5	18	20	154	4.5	local
7494379491680683963	Nyxalulu		Sports & Outdoor	Sports & Outdoor	26271.35	1022	29.59	8.72	267	8	52	3.8	cross_border
8647562305771313411	HE WEAR		Sports & Outdoor	Menswear & Underwear	24867.31	562	160.9	53.13	51	12	217	4.2	cross_border
7496311512769857621	Edikted UK		Sports & Outdoor	Womenswear & Underwear	24472.76	544	31.53	12.86	112	14	7986	4.3	local
7495338695284983874	ROOEE	MILL PRICE ONLINE LIMITED	Textiles & Soft Furnishings	Textiles & Soft Furnishings	18114.63	1704	63.54	79.94	1220	58	122	4.2	local
7495294326832859592	ParagonLinen	PARAGON LINEN LIMITED	Textiles & Soft Furnishings	Textiles & Soft Furnishings	17995.6	1549	-36.72	-45.53	167	17	158	4.2	local
7495526034160781461	Ethereal Luxuries UK	Ethereal Luxuries Ltd	Textiles & Soft Furnishings	Textiles & Soft Furnishings	17819.4	581	-39.05	-44.24	20	11	43	4	local
7495999033007835275	Dreamfields	Nantong Haolailan Textile Co., Ltd.	Textiles & Soft Furnishings	Textiles & Soft Furnishings	17503.27	1080	-12.42	-14.62	200	62	987	4.1	cross_border
7495431785592686828	Mulberryhousewareltd		Textiles & Soft Furnishings	Textiles & Soft Furnishings	16929.6	258	-7.33	-17.31	14	13	71	4.4	local
7495910242547370608	Easy 2 Cart	FRIENDS TREND LTD	Textiles & Soft Furnishings	Textiles & Soft Furnishings	16924.75	1135	389.81	308.27	40	19	47	4.6	local
7496114875902692263	MH Home		Textiles & Soft Furnishings	Textiles & Soft Furnishings	16921.99	2191	39.77	37.97	65	26	133	4.5	cross_border
7494562629420484509	Gallant Home Store		Textiles & Soft Furnishings	Textiles & Soft Furnishings	16869.7	1298	-11.25	-27.28	786	16	28	3.1	local
7496140420427254722	violet 522 SHOP	EIO CONSULTANCY LTD	Textiles & Soft Furnishings	Textiles & Soft Furnishings	16846.94	1190	1745.38	1126.8	74	2	169	3.5	local
7494529506189740014	Performa Beds		Textiles & Soft Furnishings	Textiles & Soft Furnishings	16822.09	959	528.59	547.97	33	17	952	4.2	cross_border
7496128941490145485	ADANUVOR	ADANUVOR	Tools & Hardware	Tools & Hardware	20539.42	934	255.35	227.72	43	10	13	4.7	local
7495828544380438604	Eagle OfficeSupplies	Guanlin Co., Ltd.	Tools & Hardware	Tools & Hardware	19497.86	2571	1708.03	1260.32	433	5	91	4.7	cross_border
7496153731837954256	SuperHomee888	ZHANGZHIFEI LTD	Tools & Hardware	Tools & Hardware	19011.61	921	26.31	19.3	84	33	255	3.6	local
7494981884491762531	STRAAME	GGN INTL LTD	Tools & Hardware	Home Supplies	18877.77	878	-34.78	-21.82	211	6	84	4.5	local
7494203609095702332	ApexFix UK		Tools & Hardware	Tools & Hardware	17661.78	2505	1758.94	1526.62	13	20	748	4.7	cross_border
7496291766856289036	Bycchoice	SHINNING LOO LIMITED	Tools & Hardware	Tools & Hardware	17497.8	160	109.46	-19.19	7	5	22	3.1	local
7494793785519802147	Zaastoree		Tools & Hardware	Tools & Hardware	17325.88	1152	0	0	23	3	51	2.8	local
7494566157015942962	Feature Rich Gadgets		Toys & Hobbies	Toys & Hobbies	27061.04	1792	-19.6	-18.88	99	8	11	4	cross_border
8652203512766760303	FlyBuz Toys		Toys & Hobbies	Toys & Hobbies	27058.54	2087	91.82	94.68	143	10	28	4.6	cross_border
7496201753638897723	Across the sea Shop	klementin socks	Toys & Hobbies	Toys & Hobbies	26912.84	1168	15465.05	8242.86	47	19	451	3.6	local
7496133559496116405	Gigilli	Yiwu Junyang Electronic Commerce Co Ltd	Toys & Hobbies	Toys & Hobbies	26606.75	1360	-21.44	-41.48	426	14	16	4.3	cross_border
7495950884497754362	Locked UK	Locked Shop UK LTD	Toys & Hobbies	Toys & Hobbies	25120.61	552	-12.01	-29.5	223	1	2	4.6	local
7495153634095696858	VIP TOYS Shop	Guangzhou Qianxin Electronic Commerce Co., Ltd.	Toys & Hobbies	Toys & Hobbies	24693.32	2447	22.57	38.64	142	21	32	4.4	cross_border
7494806868702692651	pixiepulse		Toys & Hobbies	Toys & Hobbies	24326.32	1466	191.3	159.01	309	30	68	4.2	local
7495179922729175213	Sitong Toys	Chaozhou Sitong Toy Industrial Co., Ltd.	Toys & Hobbies	Toys & Hobbies	24023.52	1880	51.71	49.92	285	6	10	5	cross_border
7495950959260895801	theukchristmascompany	theukchristmascompany	Toys & Hobbies	Toys & Hobbies	23974.16	2261	484.99	244.14	42	2	405	4.6	local
7494527624038679867	Oriental Denim Mart		Womenswear & Underwear	Womenswear & Underwear	29940.11	1535	70.6	57.92	212	37	127	3	cross_border
7494664943890172610	Cheeky Wipes & Cheeky Pants	CHEEKY BABY PRODUCTS LIMITED	Womenswear & Underwear	Womenswear & Underwear	29918.12	1505	219.03	154.22	418	10	81	4.3	local
7495969791312627738	Fenrrichic	Guangzhou Fengsheng Fushi Co., Ltd.	Womenswear & Underwear	Womenswear & Underwear	29664.95	2011	-17.36	-20.61	244	23	56	4.5	cross_border
7495986468930095399	MOONLAND HUB	HIVE COMMERCE LTD	Furniture	Furniture	22962.3	527	61.86	55.92	100	8	39	4.3	local
7494729522593629337	ZENVIXO STORE		Furniture	Furniture	22866.72	58	0	0	14	7	40	2.8	local
7495718099360844499	Globestar-Distributors	Bargain-deals	Furniture	Sports & Outdoor	22197.19	1755	-62.71	-23.63	347	6	365	4.1	local
8647375452729220009	FUSOU Furniture	Shenzhen Qiwen Trading Co Ltd	Furniture	Furniture	21861.93	53	-29.84	-39.08	172	11	12	3.8	cross_border
7496169567384668186	YITAHOME Haven	UK WINJIE LTD	Furniture	Furniture	20623.78	136	48.73	7.94	105	9	2	4.3	local
7496020970480830719	home-geared	ARRAPED LTD	Furniture	Home Supplies	20615.21	410	23.53	0.49	129	16	788	4.3	local
7494413790454712000	CosyNook		Furniture	Furniture	20532.11	682	-48.57	-55.66	78	14	92	3	cross_border
7495465584664939131	The Sleep People	The Sleep People Limited	Furniture	Furniture	20495.66	291	-35.05	-39.75	73	22	122	2.2	local
7496099181432375779	Endless Nexus	Endless Nexus Trading Ltd	Furniture	Sports & Outdoor	14847.34	834	-49.52	-58.09	130	5	68	4.6	local
7495904059615905924	NexDrop	NexDrop LTD	Furniture	Textiles & Soft Furnishings	14796.88	405	-23.01	-2.64	95	5	559	3.6	local
7494091341915849760	Fusou Furniture.UK		Furniture	Furniture	13435.02	41	-53.56	-39.71	63	6	9	4.1	local
7494782129811850338	NIONIK		Furniture	Furniture	13075.61	215	-39.24	-43.86	84	5	1	4.3	local
7496278947456977686	DIAMOND FURNISHING 1981		Furniture	Furniture	13069.86	37	-44.65	23.33	120	7	84	2.7	local
7496225805129255524	CloudNineFurniture	COMFY LIVING LIMITED	Furniture	Furniture	13027.59	71	-18.79	-18.39	9	18	116	3.1	local
7496103388748417354	YITAHOME Living	HONG KONG YINTA INTERNATIONAL TRADE COMPANY LIMITED	Furniture	Furniture	12970.56	102	-59.29	-74.18	135	16	131	2.3	cross_border
7494573616478783402	CLIPOP UK		Furniture	Furniture	12282.78	92	-36.49	-34.29	86	17	45	3.9	cross_border
7495703745605765412	Njhoneyking	Nanjing Kubao Electronic Commerce Co., Ltd.	Kids' Fashion	Kids' Fashion	29841.57	968	665.49	520.51	141	4	10	4.5	cross_border
7496040539195279733	UltimateKids	Valume Limited	Kids' Fashion	Kids' Fashion	29338	1543	73.18	74.94	47	148	896	4.7	local
7494555890298489368	Stock Up	Ghayas Trading Ltd	Kids' Fashion	Menswear & Underwear	26962.24	1371	-15.46	-21.25	125	10	210	4.5	local
7495337695236622898	YOUR'S FASHION	LUCKY SCHOOL UNIFORM LTD	Kids' Fashion	Kids' Fashion	22852.25	1829	-67.64	-68.89	265	65	333	3.8	local
7494247852171822785	Snuggz		Kids' Fashion	Womenswear & Underwear	22338.41	477	65.81	-21.03	481	13	89	4.4	local
7495343490622458460	The Essentials Wardrobe	Milords International Ltd	Kids' Fashion	Menswear & Underwear	20595.83	1234	59.07	11.07	228	28	150	4.7	local
7495149915184204338	gettrend	F&F STORES LTD	Kids' Fashion	Kids' Fashion	19460.27	675	-49.73	-53.13	360	84	289	4.7	local
7494687160349525583	Starlit Fox		Kids' Fashion	Kids' Fashion	18993.29	1120	454.44	418.52	390	19	202	4.6	local
7495305325630490676	Chowdhury Collection	CHOWDHURY DRESS AND ABAYA HOUSE LTD	Muslim Fashion	Muslim Fashion	15722.89	1571	42.22	29.83	161	20	29	4.1	local
7495873539220277621	Libaas By Nazish	Libaas By Nazish Ltd	Muslim Fashion	Womenswear & Underwear	15572.6	320	-18.35	-21.76	58	5	118	3.8	local
7494625954854635799	Nuraah	Nuraah	Muslim Fashion	Muslim Fashion	15569.11	382	32.63	8.22	187	37	111	4.3	local
7495281424408152824	Shirin modest wear UK	AFTER A STORM COMES A CALM LIMITED	Muslim Fashion	Muslim Fashion	15392.43	499	31.67	16.59	308	14	18	3.9	local
7495040413395945960	House Of Haniya	House Of Haniya	Muslim Fashion	Womenswear & Underwear	15254.48	343	7.64	4.26	30	17	315	3.9	local
7495858487863708602	Dress Sense		Muslim Fashion	Muslim Fashion	15190.99	898	89.42	84.39	0	1	3	4.4	local
7494603233220594280	Eazy_dresses	BLUE CARRIAGE LTD	Muslim Fashion	Muslim Fashion	14715.25	616	80.2	56.35	231	12	17	4.1	local
7495702746312312926	ChamakModest	Designer clothing (mcr) ltd	Muslim Fashion	Muslim Fashion	14672.94	667	108.19	97.34	170	21	68	4.6	local
7494525487002977301	Zuni Thread		Muslim Fashion	Muslim Fashion	14240.68	616	74	91.9	53	9	53	4.2	local
8674426221600475073	Modest Abayas		Muslim Fashion	Muslim Fashion	13902.63	498	50.84	50.45	226	22	47	4.2	local
7495159724612159689	Hanri Cosmetics	Guangzhou Hanri Cosmetics Co., Ltd.	Beauty & Personal Care	Beauty & Personal Care	25903.29	5385	3.04	-10.52	507	266	705	4.3	cross_border
7495434520405379954	FENG CHOICE	Qianfeng (Guangzhou) Internet Technology Co., Ltd.	Beauty & Personal Care	Beauty & Personal Care	25808.68	2448	-29.86	-36.94	5	8	324	3.8	cross_border
7495153641518238038	Yilian Cosmetics	Guangzhou Yilian Cosmetics Co., Ltd.	Beauty & Personal Care	Beauty & Personal Care	25637.63	2125	-32.02	-26.24	146	37	120	4.5	cross_border
7495273147818412298	ZH Nail salon	Yiwu Zhihui Trading Firm	Beauty & Personal Care	Beauty & Personal Care	25602.18	4167	29.52	33.34	247	395	1956	4.7	cross_border
7494525449531590599	TRESemme		Beauty & Personal Care	Beauty & Personal Care	25406.87	2384	316.3	254.23	3296	20	30	4.2	local
7495064013017614355	Ellie Young Beauty LTD	Ellie Young Beauty LTD	Beauty & Personal Care	Beauty & Personal Care	25406.53	2211	-13.59	-24.62	298	102	183	4.2	local
7496230538577152835	Sunless by Jimmy Coco UK		Beauty & Personal Care	Beauty & Personal Care	25237.52	925	11.23	16.79	152	4	7	4.5	local
7495836632945428632	Pacifiscs-UK	Pacifiscs-UK	Beauty & Personal Care	Beauty & Personal Care	24930.19	1905	6.2	3.25	196	18	48	3.9	local
7495687466200369533	Horbaach UK	Piping Rock UK Limited	Beauty & Personal Care	Health	24598.62	1612	11.86	8.77	315	1	292	4.7	local
7494510089494890115	Mallows		Beauty & Personal Care	Beauty & Personal Care	24267.44	1654	-22.8	-45.12	630	37	48	3.3	local
7494097248011256895	Clothes HouseE		Womenswear & Underwear	Womenswear & Underwear	26971.55	1638	1196.28	984.77	321	8	35	5	cross_border
7496093964231412406	Bye Jeans	Dongguan Zhongtang Beiyita Garment Factory	Womenswear & Underwear	Womenswear & Underwear	26819.36	995	3.42	-17.77	501	27	58	4.2	cross_border
7496025534277716340	VARE Studio	Tianmen Jingyue Apparel Store (Individual Industrial and Commercial)	Womenswear & Underwear	Womenswear & Underwear	26799.92	1307	-5.18	-16.06	183	20	96	4.7	cross_border
7495778269548808779	StreetWeat Outfits	Guangzhou Mania Trading Co., Ltd.	Womenswear & Underwear	Womenswear & Underwear	26729.14	2608	-40.65	-40.74	282	31	224	3.2	cross_border
7495993460820445456	Sunshine Grove	Xiantao Yuqi Trading Co., Ltd.	Womenswear & Underwear	Womenswear & Underwear	26527.84	1558	-49.78	-50.88	126	14	17	4.6	cross_border
7495159899355514953	Dragons Kaoru	Shenzhen Bao'an District Fuyong Longxin Apparel Trading Firm	Womenswear & Underwear	Womenswear & Underwear	26403.99	1481	11.35	13.23	176	50	75	3.9	cross_border
7496071205190338948	AIRA-Fashion	TN CLOTHING UK LTD	Womenswear & Underwear	Womenswear & Underwear	26400.6	1043	65.33	55.9	314	35	385	4.1	local
8647459851167242365	Magic Shaper		Womenswear & Underwear	Womenswear & Underwear	26340.18	1353	21.96	-7.46	550	19	25	4.3	cross_border
7495506199092365939	Deep Blue Feng	Shenzhen Shenlanfeng Technology Co., Ltd.	Womenswear & Underwear	Womenswear & Underwear	26248.44	2199	38.44	24.87	375	48	83	3.8	cross_border
8647628321494833652	Buycartips		Home Supplies	Home Supplies	18455.85	1191	234.78	81.55	109	14	213	4.3	cross_border
7494748323476374806	anllugs uk		Home Supplies	Phones & Electronics	18240.66	1046	139.18	89.84	124	4	115	4.1	local
7495904802565687731	OHOME	Haikou Melans Xilan Selection Trading Firm (individual industrial and commercial households)	Home Supplies	Home Supplies	17960.84	3089	-14.31	-14.76	207	51	243	4.6	cross_border
7494532874461414427	Mantou's Paw		Home Supplies	Home Supplies	17822.98	1192	1.79	-3.4	149	8	26	4.8	cross_border
7494793760335955710	Lasshswaaa		Home Supplies	Home Supplies	17757.8	1639	4169.26	2826.79	20	11	34	3.6	local
7496163071152196040	ROOMS AND BLOOM	ROOMS AND BLOOM LIMITED	Home Supplies	Furniture	17326.45	669	-11.19	-68.01	177	29	746	4.1	local
7495297895299582943	Marketports	Yiwu Mai Ming Trading Co., Ltd.	Home Supplies	Home Supplies	17316.29	2044	-7.75	-8.83	1126	56	306	4.6	cross_border
7496081087744870936	Dulce Armonia	Sweet Harmony Ltd	Home Supplies	Baby & Maternity	17010.11	518	15.38	3.6	22	17	24	4.8	local
7494199491969189206	Central UK Mart		Home Supplies	Home Supplies	16653.3	1234	81.6	30.86	81	76	994	4.1	cross_border
7496018615934355819	POP MART SHOP UK	POP MART UK CORPORATION LTD	Collectibles	Toys & Hobbies	16761.29	587	117.7	91.21	374	10	481	4.2	local
7494622570610656290	THE POKEYDD TRADER		Collectibles	Collectibles	16730.7	789	-31.01	-50.38	109	24	34	4.4	local
7496132665001740752	ChatBros Breaks	ChatBros Breaks	Collectibles	Collectibles	16501.98	293	104.56	74.4	453	32	111	4	local
7494207104411404182	Artful Game Cards		Collectibles	Collectibles	16300.47	795	-15.88	-7.13	111	8	21	4.5	cross_border
7494439218697373581	Pitchside Pulls		Collectibles	Collectibles	16164.64	283	20.99	9.69	8	1	1	4.5	local
7494647286835612462	Eclipse Gaming	Eclipse Gaming	Collectibles	Collectibles	15896.95	1172	-60.73	-68.56	1465	56	113	4.6	local
7494424027961853717	Golden Football Cards		Collectibles	Collectibles	15450.73	480	52.4	14.56	11	2	21	4.7	local
7494360399167456565	Shania Collectibles		Collectibles	Collectibles	15355.86	745	10.66	24.58	258	18	14	4.6	local
7494802348954388753	Retrofootystickersncards	Retrofootystickersncards	Collectibles	Collectibles	14895.82	127	-50.32	0	1146	43	125	4.5	local
7494389891277555402	barestuff		Collectibles	Collectibles	14682.33	208	-43.92	-54.59	102	15	37	4.1	local
7495576673196411653	Four Brothers SuperStore	Four Brothers Global Ltd	Food & Beverages	Food & Beverages	15898.98	900	16.83	27.66	140	45	79	3.1	local
7494088029664937953	CushtyBargains		Food & Beverages	Food & Beverages	15799.44	3154	-10.53	-28.63	94	89	202	4.6	local
7496180884781041945	Good's Kingdom		Food & Beverages	Food & Beverages	15720.84	752	86.85	66.37	57	26	91	3.6	local
7494540690297030480	HOLY		Food & Beverages	Food & Beverages	15705.27	355	84.03	47.92	415	18	23	4.1	local
7495850010638059780	CandyCrazeUK	ELITE-HYDRATION LTD	Food & Beverages	Food & Beverages	15665.08	1856	12.16	19.59	22	81	219	4.5	local
7495798609401907856	Poundbasket	PB STORES SCOTLAND LIMITED	Food & Beverages	Food & Beverages	15386.21	2329	59.73	38.63	15	67	229	4.4	local
7495872283075709238	EDE mart	Ede group ltd	Food & Beverages	Food & Beverages	15219.21	906	454.27	288.84	46	25	100	3.6	local
7494523752626424756	Giant Bradley's	Giant Bradley's Sweet Shop Ltd	Food & Beverages	Food & Beverages	14831.79	2209	-8.21	-14.35	549	440	1717	4.6	local
7494992462095616617	Clever Cookie	LOVE CLEVER COOKIE LTD	Food & Beverages	Food & Beverages	14751.73	1843	-1.61	-8.4	223	12	13	4.4	local
7494748499102369509	Lipton Tea		Food & Beverages	Food & Beverages	14660.2	777	141.76	79.03	699	14	19	4.3	local
7495880718415530177	T R I P	Go Places Limited	Health	Food & Beverages	19638.79	713	-14.96	-18.7	648	11	38	4.6	local
7495487735726245897	Ancient Extracts	Ancient Extracts Ltd	Health	Health	19505.81	501	8.84	-2.72	1313	35	69	4.6	local
7495966465400212221	Mei.vita	ME I VITA LTD	Health	Health	19389.93	544	-17.98	-30.79	196	5	8	4.5	local
7494152323103097959	British health supplements		Health	Health	19096.1	1603	-21.96	-27.3	341	43	43	3.8	local
7495077305071012687	Absolute Collagen	LACEBY LTD	Health	Health	18686.95	452	23.7	8.92	709	6	11	3.8	local
7496047354690570311	MaryRuth's UK	OpenBorder Global UK Ltd	Health	Health	18309.59	427	75.84	53.05	180	5	5	4.5	local
7496311439145470472	Her Kind UK	JAC ECOM LTD	Health	Health	17883.12	477	6681.98	7850	852	5	9	4.6	local
7495738572486773664	The Formula Supplements Ltd	The Formula Supplements Ltd	Health	Health	17411.96	365	21.12	8.96	69	6	10	4.4	local
7495828430994049397	MomcozyUK	ROOT INTERNATIONAL LIMITED	Health	Baby & Maternity	17159.68	301	14.04	5.24	145	1	69	4.5	local
7496322908426700905	HIEHA GB		Automotive & Motorcycle	Automotive & Motorcycle	15403.81	331	-30.57	-33.8	51	5	4	3.2	local
7496283285345045059	British Home & Co	Opliva	Automotive & Motorcycle	Automotive & Motorcycle	14579.67	1487	322.23	169.87	75	3	117	3.3	local
7494235120950674922	Tech Upgrade's		Automotive & Motorcycle	Automotive & Motorcycle	14285.62	475	471.34	370.3	123	3	17	3.7	cross_border
7495835755861478195	Living Hut	LIMAR TRADING LTD	Automotive & Motorcycle	Home Supplies	14032.34	811	-26.11	-41.65	65	8	174	3.9	local
7495153555491228068	NOPNOG Auto Parts Store	Shenzhen Youshizhi Network Technology Co., Ltd.	Automotive & Motorcycle	Automotive & Motorcycle	13998.68	915	-26.52	-43.13	168	23	12	4.6	cross_border
7495167007510792832	WLW Brands	Wilson Lendrum and Weir	Automotive & Motorcycle	Automotive & Motorcycle	13776.81	884	66.5	46.36	79	19	337	4.2	local
7496159873084262461	CAR PLAY STATION1	Shenzhen Jintao Weiye Technology Co Ltd	Automotive & Motorcycle	Automotive & Motorcycle	13397.27	208	42.97	33.33	146	5	2	4.4	cross_border
7494542225985996081	RedtigerDashcam		Automotive & Motorcycle	Automotive & Motorcycle	13323.3	121	-12.7	-20.92	27	5	5	3.8	cross_border
7495396318965959307	CELANOVARA	Ruian Mi Quan Electronic Commerce Co., Ltd.	Automotive & Motorcycle	Automotive & Motorcycle	12598.15	1798	22.8	9.04	52	3	6	4.7	cross_border
7494155686445811347	VANS EUROPE		Baby & Maternity	Shoes	29408.15	714	127.02	138	178	5	71	4.4	local
7496303172303030570	SHARWOOD		Baby & Maternity	Home Supplies	27480.14	973	-3.34	-6.35	61	4	40	3.9	local
7494083733059307404	Sweet Dreamers	SWEET DREAMERS LIMITED	Baby & Maternity	Baby & Maternity	26720.85	462	101.87	84.06	107	8	26	4.5	local
7495431613874276819	mcc outlet	mcc trading ltd	Baby & Maternity	Furniture	25235.81	165	9.12	5.1	135	8	105	4.2	local
7495031081965815819	Cosatto	Cosatto Limited	Baby & Maternity	Baby & Maternity	25074.51	115	11.07	-3.36	44	29	167	3.9	local
7496320039361612546	Pure Cove		Baby & Maternity	Baby & Maternity	24118.52	1219	195.04	173.32	78	6	5	3.9	local
7495153669066688752	Kaylalu	Huizhou Lulu Technology Co., Ltd.	Baby & Maternity	Baby & Maternity	21317.78	3019	-19.99	-22.69	253	50	60	4.8	cross_border
7494845746284628538	The Lejoux Stroller	ELEGANT LIVING EUROPE LTD	Baby & Maternity	Baby & Maternity	21251.84	123	12.01	-7.52	131	10	30	3.2	local
7496093873154198272	Bling Hair Fashion Shop	BLINGHAIR FASHION COMPANY LTD	Computers & Office Equipment	Fashion Accessories	16261.07	622	10.6	4.89	1	1	164	4.6	local
7496288405263780508	Hallmark		Computers & Office Equipment	Home Supplies	15737.62	1173	143.4	167.81	374	33	457	4.4	local
7495153658703415875	Ty Stationery	Yiwu Tianyi Trading Co., Ltd.	Computers & Office Equipment	Computers & Office Equipment	15670.21	2873	46.93	32.64	113	58	186	4.8	cross_border
7496099031096462294	ProSSD Tech	Shenzhen Oscar Digital Technology Co Ltd	Computers & Office Equipment	Computers & Office Equipment	15648.89	144	23.68	21.01	52	3	3	3.9	cross_border
7496085296639478558	Pocketdream	ZHITAOZHANG LTD	Computers & Office Equipment	Household Appliances	15372.24	853	18.1	1.67	70	21	463	4.4	local
7494821512172242103	Vewise		Computers & Office Equipment	Computers & Office Equipment	15262.9	1261	0	0	8	2	60	4.5	local
7496129604205775634	Royal Mail Official		Computers & Office Equipment	Collectibles	14720.54	830	605.24	464.63	108	14	203	4.1	local
7494685128674280711	CricutUK		Computers & Office Equipment	Computers & Office Equipment	14693.9	97	-56.99	-59.75	50	3	20	4.4	local
7494316397735019920	PackPoint		Computers & Office Equipment	Computers & Office Equipment	14498.65	2005	77.16	18.5	100	23	65	4.3	local
7495543977043593337	ONEWOOD	Shenzhen Baiyi Technology Co., Ltd.	Computers & Office Equipment	Computers & Office Equipment	14478.04	1059	856.15	938.24	11	7	16	4.4	cross_border
7494173581766526543	Extraordinary Products G		Fashion Accessories	Fashion Accessories	25211.39	2931	-60.59	-62.03	4	7	107	4.6	local
7496227174303238409	Merchant Aisle	Pikeinhere	Fashion Accessories	Fashion Accessories	24987.41	935	-15.08	-13.75	0	1	93	3.9	local
8650061662983264672	BeginherHair		Fashion Accessories	Fashion Accessories	24180.69	358	0	0	4	5	17	4.1	local
7496301582558530221	KF JEWELRY		Fashion Accessories	Fashion Accessories	23699.81	2258	18.75	6.16	291	28	335	4.3	cross_border
7495654973888628897	ChangLian wig	Changlian Trading Co., Ltd.	Fashion Accessories	Fashion Accessories	23506.42	479	10.02	5.27	162	57	707	3.7	cross_border
7494700733844523458	Virgo boutique	VBS RETAIL ONLINE LTD	Fashion Accessories	Womenswear & Underwear	23097.48	410	212.09	5.4	30	11	99	4.9	local
7496047826833213654	snappy hair wigs	Xuchang Zhana Trading Co., Ltd.	Fashion Accessories	Fashion Accessories	22966.86	334	1239.61	735	15	26	332	3.5	cross_border
7496086524025735383	MILACOLATO	BINGTAI LTD	Fashion Accessories	Fashion Accessories	21537.16	1118	-46.29	-54.07	317	32	83	4.5	local
7494054978036796316	Hair by Sleek	HYNEDALE LIMITED	Fashion Accessories	Fashion Accessories	20749.76	964	-25.06	-17.68	76	8	12	3.9	local
7494551066641400960	House of Umu		Fashion Accessories	Fashion Accessories	20743.24	1609	23.04	-3.01	247	17	57	4.4	local
7494548152118969498	Ring Lina		Home Improvement	Home Supplies	29285.06	2465	61.35	40.38	62	6	156	3.3	local
7495219639326902955	Cheaper Online	CHEAPER ONLINE LTD	Home Improvement	Home Improvement	29168	204	2047.85	1600	57	5	1551	4.1	local
7495837466902957053	Costway.UK	GYMAX LIMITED	Home Improvement	Toys & Hobbies	27621.35	299	509.48	321.13	44	11	3027	4.4	local
7495523735724001694	JML Direct	John Mills Limited	Home Improvement	Household Appliances	26474.63	1047	2956.14	2584.62	433	2	42	3.6	local
7495305991128451448	Flower Power UK	Jigsaw Marketing and Media Limited	Home Improvement	Home Improvement	25971.43	837	400.25	237.5	278	22	53	4.7	local
7496118433055673121	Tapo Official UK		Home Improvement	Home Improvement	25705.62	495	11686.64	24650	237	2	29	4.6	local
7495154565372086831	Pavilion Light	Xi'an Zhijiao Xingkong Network Technology Co., Ltd.	Home Improvement	Home Improvement	25309.38	1647	-2.08	-4.91	260	77	158	4.4	cross_border
7496139495474104565	uulike-Store888	ANNANNCHOU LTD	Household Appliances	Sports & Outdoor	18433.54	1135	36.54	28.39	276	18	378	3.6	local
7496099023538587824	Cowsar Appliances	NINGBO ROWAN ELECTRIC APPLIANCE CO.,LTD	Household Appliances	Household Appliances	18209.42	168	-65.33	-75.22	393	5	7	4.4	cross_border
7494508749824099410	Sloanery UK		Household Appliances	Household Appliances	17181.71	1185	9635.28	9775	44	4	16	4.7	local
7495981102217005847	Hale Retail Company	THE RETAIL COMPANY (HALE) LIMITED	Household Appliances	Household Appliances	16971.02	80	37.25	17.65	26	38	617	4.2	local
7496269052279621960	HETCH UK	HETCH (UK) LTD	Household Appliances	Household Appliances	16904.46	319	102.68	67.02	451	8	8	3.8	local
7496046979736898275	Comfee	LAI BEAUTIFUL LTD	Household Appliances	Household Appliances	16697.96	89	-59.75	-77.86	92	13	23	3.9	local
7495042448940697900	SMONDCH TRADING	SMONDCH TRADING CO., LTD	Household Appliances	Household Appliances	16673.04	526	97.02	57.01	51	3	54	4.3	local
7496031177300806584	EMIRATE HOME APPLIANCES LTD	Emirate Home Appliances Ltd	Household Appliances	Household Appliances	16659	303	-81.06	-74.52	1928	30	87	3.1	local
7494678233245189371	ZORAT UK		Household Appliances	Household Appliances	16501.15	612	334.81	227.27	122	11	7	4.4	local
7494753453953680774	TNSR ST		Kitchenware	Kitchenware	16140.44	1873	-46.17	-49.14	126	15	46	3.6	local
7495626545940826826	Lenak	Lenak Marketing Ltd	Kitchenware	Kitchenware	16036.39	1229	13.9	18.4	228	29	166	4.5	local
7496099161427970366	HOUSELIVE KITCHENWARE	SWIFTGLOBE LIMITED	Kitchenware	Kitchenware	15998.53	621	53.52	32.98	92	24	231	3.8	local
7495316311260171254	Fan Favorites	TooHot Limited	Kitchenware	Kitchenware	15260.83	1267	191.86	175.43	290	11	535	4.7	cross_border
7495308402804951192	Intrelife	Warp Point (Shenzhen) Technology Co., Ltd.	Kitchenware	Kitchenware	15136.08	1476	-51.59	-51.59	0	1	1	3.9	cross_border
7495443172773955974	YINUOCOMMODITY	Dongguan Yinuo Daily Necessities Co., Ltd.	Kitchenware	Kitchenware	15095.97	2063	1229.84	850.69	385	10	11	4.9	cross_border
7496226745688820553	GREENSAPPIRE LTD	GREENSAPPIRE LTD	Kitchenware	Home Supplies	14311.55	783	-21.92	-27.37	174	21	349	4.3	local
7494985189897504884	Hayz Creations	Hayz Creations LTD	Kitchenware	Kitchenware	14174.32	883	-51.57	-47.47	251	31	422	4.8	local
7494154025390278213	Lossga		Luggage & Bags	Luggage & Bags	17550.6	605	45.9	21	132	10	11	4.6	cross_border
7494231587137881355	cloud.knit		Luggage & Bags	Luggage & Bags	17399.49	2356	-35.71	-47.64	193	9	38	4.9	cross_border
7495064133044439098	SoRealistic	SoRealistic	Luggage & Bags	Toys & Hobbies	17350.3	760	-37.49	-45.79	120	6	74	4.4	local
7494625565810066631	Cloud Bag		Luggage & Bags	Luggage & Bags	16377.68	1714	-18.51	-28.31	379	54	663	3.7	cross_border
7495168335595472911	Planet Direct	PLANET DIRECT LIMITED	Luggage & Bags	Luggage & Bags	14461	250	-50.33	-57.98	84	2	138	3.9	local
7494868743683672828	Laura Richards Boutique	LAURA RICHARDS BOUTIQUE LIMITED	Luggage & Bags	Luggage & Bags	14180.5	528	-52.9	-60.51	1271	58	107	4.7	local
7495290860362893482	YOHI BAG	Guangzhou Yabo Xiangbao Co., Ltd.	Luggage & Bags	Luggage & Bags	14078.9	1318	39.85	23.87	281	38	173	4.1	cross_border
7495862001326262629	JLY Luggage UK	JLY UK LTD	Luggage & Bags	Luggage & Bags	14008.8	778	-13.61	-29.47	1192	19	65	4.6	local
7495759591644236205	GeorgiaTheIslander	GeorgiaTheIslander	Luggage & Bags	Luggage & Bags	13988.22	479	-27.65	-38.27	34	22	77	4.1	local
7496045910372289331	Xiqi apparel	Guangzhou Zengcheng Xiqi Clothing Store	Menswear & Underwear	Menswear & Underwear	18208.83	1286	-20.62	0.78	289	48	286	4.3	cross_border
7494540493863225234	SportHub		Menswear & Underwear	Sports & Outdoor	18021.38	423	-4	-16.73	131	4	42	4.5	local
7495165507107064461	Male Style Jazz	Shishi Nange Jazz Trading Co., Ltd.	Menswear & Underwear	Menswear & Underwear	17849.54	1263	-35.22	-35.03	120	35	499	4.9	cross_border
7495563485465905422	FREEDOM WIND	Guangzhou Kuke Clothing Co., Ltd.	Menswear & Underwear	Menswear & Underwear	17786.1	1038	47.31	43.37	390	21	78	4.8	cross_border
8648357223950949117	Wansu Clothing		Menswear & Underwear	Menswear & Underwear	17296.83	1130	311.71	352	72	12	158	4.5	cross_border
7494124863611831808	NY Sportswear		Menswear & Underwear	Menswear & Underwear	17240.94	709	11.77	-6.22	63	9	10	2.5	cross_border
8671212397021660513	cool men cool		Menswear & Underwear	Menswear & Underwear	17167.23	798	89.93	67.65	99	49	2181	4.3	cross_border
7495466727778191928	Reppunk	Guangzhou Kanye Clothing Co., Ltd.	Menswear & Underwear	Menswear & Underwear	17165.95	817	30.69	15.4	158	42	128	4.7	cross_border
7494101192283882817	StepNow		Menswear & Underwear	Menswear & Underwear	16990.68	688	80.77	79.17	69	4	55	3.7	local
7494416149332395487	EXO EXCEPTIONAL ORIGINALS		Menswear & Underwear	Menswear & Underwear	16666.06	1099	1731.44	1148.86	121	8	26	4.2	local
7494324279614014521	Yipetor UK		Pet Supplies	Pet Supplies	19957.9	885	43.69	47.5	176	3	3	4.8	cross_border
7494470096371221659	HAPPYCODE GLOBAL		Pet Supplies	Pet Supplies	19334.65	649	-6.58	-25.4	172	3	5	4	cross_border
7494716108666603070	Himmaleh		Pet Supplies	Pet Supplies	18710.78	1223	1165.93	1355.95	304	2	2	4.5	local
7494114125918603063	Carmelie Pet Store		Pet Supplies	Pet Supplies	18459.79	666	18.04	-3.34	64	10	18	4.6	local
7494704456342996812	Pawfy UK		Pet Supplies	Pet Supplies	18363.78	440	-1.06	-28.1	1442	8	8	4.1	local
7496110899394742789	Pecute	SHENZHENtiandengdianziSHANGWUYOUXIANGONGSI	Pet Supplies	Pet Supplies	17942.51	315	-43.61	-56.25	201	4	4	4.4	cross_border
7495362984286063415	Your PetJesty	OPTIMA WELLNESS LIMITED	Pet Supplies	Pet Supplies	16999.82	701	-60.66	-77.31	128	3	7	4.2	local
7495154606754007100	Tetrapod In House	Shanghai Gongchuang Culture Communication Co., Ltd.	Pet Supplies	Pet Supplies	16721.52	2500	15.18	7.2	159	24	30	4.3	cross_border
7496200888650074597	WESEECASEUK		Phones & Electronics	Phones & Electronics	15119.67	981	-38.61	-48.8	183	16	37	4.1	cross_border
7494529734180898660	JS Store		Phones & Electronics	Phones & Electronics	14930.54	524	0	0	7	7	230	3.6	local
7494271657123415713	Chajaede		Phones & Electronics	Phones & Electronics	14920.1	831	500.12	385.96	28	10	110	4.5	local
7495578189898811591	HAZEL Factory Direct	Shaanxi Huazhao Zhidai Technology Co., Ltd.	Phones & Electronics	Phones & Electronics	14466.1	2015	-28.22	-27.39	227	22	67	2.7	cross_border
7494259305092449675	LUSBY UK		Phones & Electronics	Phones & Electronics	14126.04	254	-52.98	-58.22	64	2	3	2.5	cross_border
8669397598491740086	Mykit Smart		Phones & Electronics	Phones & Electronics	13966.53	422	26.72	33.12	128	18	282	0.7	cross_border
7494662514394039765	NexMart.UK		Phones & Electronics	Phones & Electronics	13873.29	670	61.07	-26.78	39	3	15	4	cross_border
7496233645504956631	Sleek Trendy Home	Yueyang Haoxing Supply Chain Co., Ltd.	Phones & Electronics	Phones & Electronics	13715.21	4985	43.28	47.88	126	3	5	4	cross_border
7495159703061629135	TechEase	Shenzhenshi Houtian Xinxikeji Youxiangongsi	Phones & Electronics	Phones & Electronics	13569.39	702	93.48	74.63	105	6	10	4.8	cross_border
7495378673625499850	Yunfei shop	Lusong District Yunfei Forestry Store	Phones & Electronics	Phones & Electronics	13510.46	1494	1.43	0.07	135	19	47	3.4	cross_border
7494684731145750023	Norwood		Shoes	Shoes	21677.8	439	-31.52	-34.28	46	3	17	4.7	local
7495488887217621231	Qwick Fit	QWICK FIT LTD	Shoes	Shoes	21661.92	626	12.37	3.81	363	61	218	4.2	local
7494524723837831165	Moda In Pelle London		Shoes	Shoes	21637.14	364	18.92	-30.8	117	11	816	3.6	local
7494358240282838028	HAFF Shoes		Shoes	Shoes	21290.75	603	55.36	29.96	249	20	150	4.5	cross_border
7495292763409713585	My Fashion Tribe	Taizhou Zhiyi Trading Co., Ltd.	Shoes	Shoes	21037.96	1611	-20.81	-32.82	268	43	131	4.4	cross_border
7495716921530157347	Wenling Zeguo Wanchi	Wenling Zeguo Wanchi Electronic Commerce Business Firm	Shoes	Shoes	20277.74	1263	60.28	30.88	222	38	715	4.7	cross_border
7496093227618437494	COCUO	Shangqiu City, Suiyang District, Dongnitu general merchandise retail store (individual industrial an	Shoes	Shoes	19794.67	846	157.76	123.81	217	10	99	4.2	cross_border
8654111460240688213	Panthera Step		Shoes	Shoes	19765.24	778	236.33	170.14	184	16	268	3.2	cross_border
8672669092105455100	Suolant		Shoes	Shoes	19322.11	852	0	0	181	17	199	4.7	local
7494606863242397080	BVARKW		Shoes	Shoes	18866.44	2571	-56.87	-59.8	133	10	13	4.7	cross_border
7495590484307577351	Turner Equestrian	Turner Stores Ltd	Sports & Outdoor	Sports & Outdoor	24411.71	1019	259	192.82	145	35	68	4.4	local
7496004227286535107	Calorie Club	Biyang County Getu general merchandise retail operation department (individual industrial and commer	Sports & Outdoor	Womenswear & Underwear	23829.48	918	46.85	59.65	168	3	68	4.8	cross_border
7496309547045522038	STRYQ	STRYQ ltd	Sports & Outdoor	Sports & Outdoor	23671.03	1062	30.26	4.53	473	12	13	4.9	local
7496062822962858701	FeelinGirl-UK	HEXIN GROUP UK LTD	Sports & Outdoor	Womenswear & Underwear	23455.52	1298	-17.26	-21.95	134	4	67	4.2	local
7495922467788130690	AxisFurn Living	ALBION HOME & LIFESTYLE LTD	Sports & Outdoor	Furniture	23173.88	537	14.13	-6.77	349	8	104	4.7	local
7495844545968113908	NAAVSLTD	NAAVS LIMITED	Sports & Outdoor	Sports & Outdoor	22684.46	1547	-7.33	40.89	125	49	430	4.2	local
7495398911595416385	MOONBAY	MOONBAY	Sports & Outdoor	Toys & Hobbies	22500.53	488	11.02	-10.46	78	3	67	4.5	local
7495181423802288529	Bargainexpress	Bargainexpress	Textiles & Soft Furnishings	Textiles & Soft Furnishings	26119.51	1793	6.01	-16.02	157	18	27	4.2	local
7496067790665714295	MILL PRICE ONLINE	HADI SHEHZAD	Textiles & Soft Furnishings	Textiles & Soft Furnishings	25791.18	3267	34.85	32.16	991	67	139	4.4	local
7495877643746379811	Pamposh	Montone Limited	Textiles & Soft Furnishings	Textiles & Soft Furnishings	24523.19	2789	84.77	59.1	1201	23	42	4.7	local
7495846544751692067	Warm Bedding Home	Yiwu Honghong Technology Co.	Textiles & Soft Furnishings	Textiles & Soft Furnishings	23623.5	1426	126.68	83.29	258	24	727	4.5	cross_border
7495162054521162549	SOOEYE	Yiwu Xianghe Home Products Co., Ltd.	Textiles & Soft Furnishings	Textiles & Soft Furnishings	23440.33	2826	120.17	189.55	214	15	880	5	cross_border
7496043272283130552	Twirest mattress	Twirest mattress	Textiles & Soft Furnishings	Furniture	22341.06	313	15.36	-11.33	112	2	8	4.7	local
7496164474693585207	Hush Homes	Almaan Collection Ltd	Textiles & Soft Furnishings	Textiles & Soft Furnishings	21499.29	1287	-13.61	-42.85	747	15	24	4.4	local
7495154140628486260	Wear & Snug,	AA Homewares	Textiles & Soft Furnishings	Textiles & Soft Furnishings	21209.75	2032	-68.18	-65.12	69	30	59	3.5	local
7494366025145943296	TELALINA		Textiles & Soft Furnishings	Textiles & Soft Furnishings	20592.47	799	2.46	-24.12	35	4	5	3.9	local
